ura_carpark_name,type_of_lot,number_of_lots,lot_type
ANG MO KIO AVENUE 1 HEAVY VEHICLE PARK,Motor Car,0,C
ANG MO KIO STREET 62,Motor Car,15,C
ANG MO KIO STREET 63,Motor Car,45,C
ANG MO KIO STREET 64,Motor Car,11,C
JALAN KAYU OFF STREET,Motor Car,135,C
SELETAR AEROSPACE VIEW,Motor Car,34,C
AYER RAJAH CRESCENT,Motor Car,21,C
BALESTIER ROAD,Motor Car,5,C
BHAMO ROAD,Motor Car,9,C
BOON TECK ROAD,Motor Car,6,C
JALAN AMPAS,Motor Car,21,C
JALAN DUSUN,Motor Car,24,C
JALAN KEMAMAN,Motor Car,16,C
JALAN RAJA UDANG,Motor Car,16,C
JALAN RAMA RAMA,Motor Car,10,C
KIM KEAT CLOSE,Motor Car,22,C
LORONG AMPAS,Motor Car,6,C
MANDALAY ROAD,Motor Car,11,C
MARTABAN ROAD,Motor Car,16,C
MINBU ROAD,Motor Car,4,C
MINBU ROAD OFF STREET,Motor Car,111,C
PROME ROAD,Motor Car,3,C
SERVICE ROAD OFF BALESTIER ROAD,Motor Car,10,C
SHAN ROAD,Motor Car,11,C
SHREWSBURY ROAD,Motor Car,14,C
SHREWSBURY ROAD OFF STREET,Motor Car,29,C
TAN TOCK SENG LINK,Motor Car,12,C
BEDOK ROAD FOOD CENTRE OFF STREET,Motor Car,105,C
BEDOK SOUTH ROAD,Motor Car,0,C
BEDOK SPORTS COMPLEX (SSC),Motor Car,415,C
JALAN LANA,Motor Car,9,C
SERVICE ROAD OFF CHAI CHEE DRIVE,Motor Car,11,C
BENOI ROAD,Motor Car,43,C
BENOI SECTOR,Motor Car,14,C
BISHAN SPORTS COMPLEX (SSC),Motor Car,476,C
BRADDELL ROAD HEAVY VEHICLE PARK,Motor Car,0,C
JALAN BINCHANG,Motor Car,5,C
JALAN PEMIMPIN,Motor Car,21,C
SIN MING WALK,Motor Car,17,C
BACKLANE BET LORONG TELOK/CIRCULAR ROAD,Motor Car,0,C
BACKLANE BET NORTH CANAL ROAD/CIRCULAR RD,Motor Car,0,C
BACKLANE BET SYNAGOGUE STREET/CHURCH STREET,Motor Car,0,C
BACKLANE OFF SYNAGOGUE STREET,Motor Car,0,C
CIRCULAR ROAD,Motor Car,35,C
LORONG TELOK,Motor Car,25,C
PHILLIP STREET,Motor Car,24,C
BUKIT BATOK EAST AVENUE 2 HV PARK,Motor Car,0,C
BUKIT BATOK NATURE PARK OFF STREET,Motor Car,107,C
BUKIT BATOK ROAD / JURONG ROAD OFF STREET,Motor Car,30,C
BUKIT BATOK SWIMMING COMPLEX (SSC),Motor Car,20,C
HILLVIEW TERRACE,Motor Car,27,C
DELTA SPORTS COMPLEX (SSC),Motor Car,124,C
MARITIME SQUARE D OFF STREET,Motor Car,258,C
PRINCE PHILIP AVENUE,Motor Car,60,C
SEAH IM ROAD OFF STREET,Motor Car,436,C
TELOK BLANGAH DRIVE HEAVY VEHICLE PARK,Motor Car,0,C
TELOK BLANGAH HEIGHTS,Motor Car,0,C
TELOK BLANGAH STREET 31,Motor Car,0,C
TIONG BAHRU PARK OFF STREET,Motor Car,20,C
ADAM ROAD / DUNEARN CLOSE OFF STREET,Motor Car,12,C
ADAM ROAD FOOD CENTRE OFF STREET,Motor Car,63,C
ANAMALAI AVENUE,Motor Car,12,C
ANTHONY ROAD OFF STREET,Motor Car,52,C
BUKIT TIMAH LINK OFF STREET,Motor Car,29,C
BUKIT TIMAH MARKET OFF STREET,Motor Car,125,C
BUKIT TIMAH ROAD,Motor Car,11,C
CAIRNHILL ROAD SERVICE ROAD,Motor Car,12,C
CLEMENCEAU AVENUE,Motor Car,15,C
CLEMENCEAU AVENUE NORTH (NEWTON FC),Motor Car,243,C
CORONATION WALK,Motor Car,10,C
DAIRY FARM ROAD / PETIR ROAD HV PARK,Motor Car,0,C
DUNEARN CLOSE,Motor Car,24,C
KAMPONG JAVA FRINGE CAR PARK,Motor Car,183,C
KAMPONG JAVA ROAD,Motor Car,24,C
MAKEWAY AVENUE,Motor Car,11,C
PRINCE OF WALES ROAD,Motor Car,23,C
PRINCESS OF WALES ROAD,Motor Car,3,C
SIXTH AVENUE,Motor Car,21,C
STEVENS ROAD,Motor Car,9,C
3 CHANGI SOUTH AVENUE 4 (JTC),Motor Car,20,C
"BLK 20,22,24,26,28,30 CHANGI NORTH WAY (JTC)",Motor Car,97,C
"BLK 49,51,55,61,65 CHANGI NORTH CRES(JTC)",Motor Car,87,C
CHANGI BEACH PARK CP 1,Motor Car,66,C
CHANGI BEACH PARK CP 2,Motor Car,21,C
CHANGI BEACH PARK CP 3,Motor Car,37,C
CHANGI BEACH PARK CP 4,Motor Car,79,C
CHANGI BEACH PARK CP 5,Motor Car,39,C
CHANGI BEACH PARK CP 6,Motor Car,33,C
CHANGI NORTH CRESCENT,Motor Car,18,C
CHANGI NORTH RISE,Motor Car,13,C
CHANGI NORTH STREET 1,Motor Car,14,C
CHANGI NORTH STREET 2,Motor Car,9,C
CHANGI ROAD (BET JALAN KEMBANGAN/STILL ROAD),Motor Car,61,C
CHANGI ROAD (BET JOO CHIAT ROAD/STILL ROAD),Motor Car,61,C
CHANGI ROAD / JALAN WAKAFF OFF STREET,Motor Car,15,C
CHANGI ROAD OFF STREET,Motor Car,38,C
CHANGI ROAD SERVICE ROAD,Motor Car,38,C
CHANGI SOUTH AVENUE 2,Motor Car,12,C
CHANGI SOUTH AVENUE 4,Motor Car,28,C
CHANGI SOUTH STREET 1,Motor Car,58,C
CHANGI SOUTH STREET 2,Motor Car,77,C
CHANGI VILLAGE ROAD,Motor Car,21,C
EVERITT ROAD NORTH,Motor Car,14,C
JALAN LAPANG,Motor Car,6,C
JALAN MASJID,Motor Car,20,C
JALAN UBI,Motor Car,5,C
KAMPONG EUNOS,Motor Car,4,C
LANGSAT ROAD,Motor Car,5,C
LORONG 102 CHANGI,Motor Car,3,C
LORONG 104 CHANGI,Motor Car,11,C
LORONG 105 CHANGI,Motor Car,3,C
LORONG 106 CHANGI,Motor Car,3,C
LORONG 107 CHANGI,Motor Car,13,C
LORONG 108 CHANGI,Motor Car,11,C
LORONG BEKUKONG OFF STREET,Motor Car,167,C
LORONG MARICAN,Motor Car,10,C
LORONG MARZUKI,Motor Car,16,C
LORONG MELAYU,Motor Car,9,C
LORONG MYDIN,Motor Car,3,C
LORONG MYDIN OFF STREET,Motor Car,23,C
LORONG SARINA,Motor Car,8,C
NETHERAVON ROAD,Motor Car,16,C
SERVICE ROAD OFF JALAN MASJID,Motor Car,8,C
SIMS AVENUE (PAYA LEBAR RD/EUNOS RD),Motor Car,20,C
UPPER CHANGI ROAD / BEDOK ROAD OFF STREET,Motor Car,51,C
45 QUALITY ROAD (JTC),Motor Car,47,C
CHIA PING ROAD,Motor Car,20,C
CHIN BEE DRIVE,Motor Car,31,C
CHIN BEE ROAD,Motor Car,55,C
FOURTH CHIN BEE ROAD,Motor Car,0,C
JALAN BESUT,Motor Car,12,C
JALAN TUKANG,Motor Car,42,C
JOO YEE ROAD,Motor Car,14,C
LINK ROAD,Motor Car,23,C
QUALITY ROAD,Motor Car,30,C
SECOND CHIN BEE ROAD,Motor Car,8,C
SERVICE ROAD OFF QUALITY ROAD,Motor Car,36,C
THIRD CHIN BEE ROAD,Motor Car,41,C
CHOA CHU KANG WAY,Motor Car,0,C
SERVICE ROAD OFF CHOA CHU KANG AVE 1,Motor Car,42,C
STAGMONT RING HEAVY VEHICLE PARK,Motor Car,0,C
WOODLANDS ROAD LORRY PARK,Motor Car,0,C
BACKLANE BET ONAN ROAD / JOO CHIAT ROAD,Motor Car,0,C
CEYLON LANE,Motor Car,6,C
CEYLON ROAD,Motor Car,27,C
CRANE ROAD,Motor Car,4,C
DUNMAN ROAD FOOD CENTRE OFF STREET,Motor Car,10,C
EAN KIAM PLACE,Motor Car,26,C
EAST COAST PARK E1 OFF STREET,Motor Car,549,C
EAST COAST PARK E2 OFF STREET,Motor Car,353,C
EAST COAST PARK E3 OFF STREET,Motor Car,42,C
EAST COAST PARK SERVICE ROAD,Motor Car,0,C
EAST COAST ROAD (BET FRANKEL AVE/SIGLAP RD),Motor Car,7,C
EAST COAST ROAD (BET SIGLAP RD/JALAN JAMAL),Motor Car,5,C
EAST COAST ROAD (HAIG ROAD/TELOK KURAU ROAD),Motor Car,71,C
EVERITT ROAD,Motor Car,24,C
FORT ROAD/EAST COAST PARK HV PARK,Motor Car,30,C
JAGO CLOSE,Motor Car,5,C
JOO CHIAT LANE,Motor Car,10,C
JOO CHIAT PLACE,Motor Car,49,C
JOO CHIAT ROAD (CHANGI ROAD/EAST COAST ROAD),Motor Car,110,C
JOO CHIAT ROAD OFF STREET,Motor Car,99,C
JOO CHIAT TERRACE (JOO CHIAT RD/TEMBELING RD),Motor Car,28,C
LORONG 101 CHANGI,Motor Car,19,C
MARSHALL ROAD,Motor Car,37,C
ONAN ROAD,Motor Car,57,C
ONAN ROAD / JOO CHIAT ROAD OFF STREET,Motor Car,20,C
ONAN ROAD OFF STREET,Motor Car,15,C
PENNEFATHER ROAD,Motor Car,5,C
SERVICE ROAD OFF JOO CHIAT ROAD,Motor Car,12,C
SERVICE ROAD OFF ONAN ROAD,Motor Car,2,C
SERVICE ROAD OFF UPPER EAST COAST ROAD,Motor Car,14,C
SIGLAP LINK,Motor Car,0,C
TANJONG KATONG RD OFF ST (OPP WILKINSON RD),Motor Car,33,C
TANJONG KATONG ROAD OFF STREET,Motor Car,123,C
TELOK KURAU ROAD,Motor Car,22,C
TEMBELING ROAD,Motor Car,68,C
TEMBELING ROAD OFF STREET,Motor Car,200,C
UPPER EAST COAST ROAD OFF STREET,Motor Car,133,C
ALJUNIED ROAD OFF STREET,Motor Car,13,C
AROOZOO AVENUE,Motor Car,9,C
CEYLON ROAD OFF STREET,Motor Car,24,C
GEYLANG EAST SERVICE ROAD,Motor Car,6,C
GEYLANG EAST SWIMMING COMPLEX (SSC),Motor Car,14,C
GEYLANG ROAD,Motor Car,168,C
GUILLEMARD ROAD,Motor Car,8,C
JALAN AYER,Motor Car,9,C
KAMPONG BUGIS,Motor Car,16,C
KAMPONG BUGIS OFF STREET,Motor Car,29,C
LORONG 1 GEYLANG ROAD OFF STREET,Motor Car,65,C
LORONG 11 GEYLANG,Motor Car,22,C
LORONG 12 GEYLANG,Motor Car,19,C
LORONG 13 GEYLANG,Motor Car,20,C
LORONG 14 GEYLANG,Motor Car,44,C
LORONG 15 GEYLANG,Motor Car,22,C
LORONG 16 GEYLANG,Motor Car,12,C
LORONG 17 GEYLANG,Motor Car,27,C
LORONG 18 GEYLANG,Motor Car,8,C
LORONG 19 GEYLANG,Motor Car,38,C
LORONG 20 GEYLANG,Motor Car,12,C
LORONG 21 GEYLANG,Motor Car,25,C
LORONG 21 GEYLANG / GEYLANG ROAD OFF ST,Motor Car,29,C
LORONG 21 GEYLANG OFF STREET,Motor Car,35,C
LORONG 21A GEYLANG,Motor Car,8,C
LORONG 23 GEYLANG,Motor Car,57,C
LORONG 24 GEYLANG,Motor Car,20,C
LORONG 24A GEYLANG,Motor Car,53,C
LORONG 25 GEYLANG,Motor Car,37,C
LORONG 25/25A GEYLANG OFF STREET,Motor Car,105,C
LORONG 25A GEYLANG,Motor Car,29,C
LORONG 26 GEYLANG,Motor Car,12,C
LORONG 27 GEYLANG,Motor Car,26,C
LORONG 27A GEYLANG,Motor Car,19,C
LORONG 28 GEYLANG,Motor Car,38,C
LORONG 28 SERVICE ROAD GEYLANG,Motor Car,5,C
LORONG 29 GEYLANG,Motor Car,24,C
LORONG 3 GEYLANG,Motor Car,4,C
LORONG 30 GEYLANG,Motor Car,19,C
LORONG 31 GEYLANG,Motor Car,18,C
LORONG 31 GEYLANG OFF STREET,Motor Car,51,C
LORONG 32 GEYLANG,Motor Car,25,C
LORONG 33 GEYLANG,Motor Car,14,C
LORONG 34 GEYLANG,Motor Car,22,C
LORONG 35 GEYLANG,Motor Car,14,C
LORONG 36 GEYLANG,Motor Car,20,C
LORONG 36 GEYLANG OFF STREET,Motor Car,11,C
LORONG 37 GEYLANG,Motor Car,19,C
LORONG 37 GEYLANG OFF STREET,Motor Car,28,C
LORONG 38 GEYLANG,Motor Car,11,C
LORONG 39 GEYLANG,Motor Car,19,C
LORONG 39 SERVICE ROAD GEYLANG,Motor Car,5,C
LORONG 4 GEYLANG,Motor Car,13,C
LORONG 40 GEYLANG,Motor Car,21,C
LORONG 41 GEYLANG,Motor Car,44,C
LORONG 6 GEYLANG,Motor Car,26,C
LORONG 7 GEYLANG,Motor Car,12,C
LORONG 8 GEYLANG,Motor Car,31,C
LORONG 9 GEYLANG,Motor Car,11,C
LORONG 9/11 GEYLANG OFF STREET,Motor Car,56,C
LORONG BACHOK,Motor Car,13,C
LORONG BACHOK OFF STREET,Motor Car,25,C
LORONG TAHAR,Motor Car,2,C
SERVICE ROAD OFF LORONG 44 GEYLANG,Motor Car,5,C
SIMS AVENUE (BET LOR 3 GEYLANG/PAYA LEBAR RD),Motor Car,132,C
SIMS AVENUE SERVICE ROAD,Motor Car,16,C
SIMS PLACE,Motor Car,43,C
TALMA ROAD,Motor Car,15,C
TANJONG KATONG COMPLEX,Motor Car,378,C
WESTERHOUT ROAD,Motor Car,6,C
GUL AVENUE,Motor Car,46,C
GUL CIRCLE,Motor Car,39,C
GUL CRESCENT,Motor Car,8,C
GUL DRIVE,Motor Car,39,C
GUL LANE,Motor Car,21,C
GUL ROAD,Motor Car,99,C
GUL STREET 1,Motor Car,4,C
GUL STREET 2,Motor Car,6,C
GUL STREET 3,Motor Car,16,C
GUL STREET 4,Motor Car,10,C
GUL STREET 5,Motor Car,9,C
DELTA CIRCUS FRINGE CAR PARK,Motor Car,74,C
HAVELOCK ROAD,Motor Car,40,C
OUTRAM HILL,Motor Car,11,C
OUTRAM ROAD,Motor Car,27,C
OUTRAM ROAD OFF STREET,Motor Car,39,C
PEARL BANK OFF STREET,Motor Car,22,C
ARMENIAN ST / CANNING RISE OFF ST CAR PARK,Motor Car,43,C
ARMENIAN STREET,Motor Car,10,C
ARMENIAN STREET OFF STREET,Motor Car,52,C
CANNING RISE OFF STREET,Motor Car,37,C
FORT CANNING PARK A OFF STREET,Motor Car,42,C
FORT CANNING PARK B OFF STREET,Motor Car,39,C
FORT CANNING PARK C OFF STREET,Motor Car,58,C
HOLLAND DR/NORTH BOUNA VISTA RD OFF STREET,Motor Car,84,C
HOLLAND DRIVE OFF STREET,Motor Car,271,C
JALAN HITAM MANIS,Motor Car,19,C
JALAN KELABU ASAP,Motor Car,18,C
JALAN KUNING,Motor Car,4,C
JALAN MERAH SAGA,Motor Car,30,C
JALAN PUTEH JERNEH,Motor Car,4,C
JALAN RUMIA,Motor Car,29,C
WARNA ROAD,Motor Car,15,C
WARNA ROAD OFF STREET,Motor Car,42,C
ALIWAL STREET,Motor Car,69,C
ALLENBY ROAD,Motor Car,16,C
BABOO LANE,Motor Car,0,C
BACKLANE BET KELANTAN LANE/KELANTAN ROAD,Motor Car,0,C
BACKLANE BET KITCHENER ROAD/PLUMER ROAD,Motor Car,0,C
BACKLANE BET TOWNSHEND ROAD/JALAN BESAR,Motor Car,0,C
BACKLANE OFF CAVAN ROAD,Motor Car,0,C
BACKLANE OFF JALAN BERSEH,Motor Car,0,C
BEATTY LANE,Motor Car,15,C
CAVAN ROAD,Motor Car,13,C
FOCH ROAD,Motor Car,37,C
HAMILTON ROAD,Motor Car,54,C
HAMILTON ROAD OFF STREET,Motor Car,22,C
HORNE ROAD,Motor Car,34,C
JALAN BERSEH,Motor Car,34,C
JALAN BESAR,Motor Car,37,C
JALAN BESAR SPORTS COMPLEX (SSC),Motor Car,340,C
JELLICOE ROAD,Motor Car,10,C
KALLANG ROAD/CRAWFORD STREET OFF STREET,Motor Car,201,C
KELANTAN LANE,Motor Car,21,C
KELANTAN ROAD,Motor Car,72,C
KING GEORGE'S AVENUE OFF STREET,Motor Car,22,C
KING GEORGE'S AVENUE/ HORNE ROAD OFF STREET,Motor Car,60,C
MAUDE ROAD,Motor Car,31,C
PENHAS ROAD,Motor Car,23,C
PENHAS ROAD / LAVENDER STREET OFF STREET,Motor Car,29,C
PETAIN ROAD (JALAN BESAR / TYRWHITT ROAD),Motor Car,4,C
PLUMER ROAD,Motor Car,11,C
SERVICE ROAD BET HAMILTON RD/CAVAN RD,Motor Car,11,C
SERVICE ROAD BETWEEN PETAIN RD/ALLENBY RD,Motor Car,3,C
SERVICE ROAD OFF KING GEORGE'S AVENUE,Motor Car,21,C
SERVICE ROAD OFF PENHAS ROAD,Motor Car,9,C
SUNGEI ROAD OFF STREET,Motor Car,195,C
SUNGEI ROAD(WELD ROAD/ KELANTAN ROAD),Motor Car,7,C
TOWNSHEND ROAD,Motor Car,18,C
TYRWHITT ROAD,Motor Car,32,C
JOO KOON CIRCLE,Motor Car,42,C
JOO KOON CRESCENT,Motor Car,26,C
JOO KOON ROAD,Motor Car,15,C
JOO KOON WAY,Motor Car,30,C
SCIENCE CENTRE ROAD,Motor Car,34,C
TOH GUAN ROAD,Motor Car,5,C
BOON LAY SWIMMING COMPLEX (SSC),Motor Car,44,C
BULIM AVENUE HVP,Motor Car,0,C
JALAN BAHAR HEAVY VEHICLE PARK,Motor Car,8,C
32 TO 53 KALLANG PLACE (JTC),Motor Car,52,C
ALJUNIED ROAD (MINOR),Motor Car,19,C
BENDEMEER ROAD HEAVY VEHICLE PARK,Motor Car,19,C
GENTING LANE,Motor Car,44,C
GENTING LANE OFF STREET,Motor Car,40,C
GENTING LINK,Motor Car,2,C
GENTING ROAD,Motor Car,26,C
JALAN LEMBAH KALLANG,Motor Car,8,C
KALLANG AVENUE,Motor Car,80,C
KALLANG BAHRU,Motor Car,5,C
KALLANG BASIN SWIMMING COMPLEX (SSC),Motor Car,25,C
KALLANG SECTOR,Motor Car,48,C
KALLANG WAY,Motor Car,6,C
KALLANG WAY 1,Motor Car,7,C
KALLANG WAY 2A,Motor Car,17,C
KEMPAS ROAD,Motor Car,26,C
LORONG BAKAR BATU,Motor Car,50,C
LORONG PENDEK,Motor Car,4,C
SERVICE ROAD OFF GENTING LANE,Motor Car,6,C
SOON WING ROAD,Motor Car,10,C
TANNERY LANE,Motor Car,37,C
KALLANG SPORTS COMPLEX CAR PARK 4(SSC),Motor Car,694,C
KALLANG SPORTS COMPLEX CAR PARK 5(SSC),Motor Car,1473,C
KATONG SWIMMING POOL (SSC),Motor Car,21,C
OLD AIRPORT ROAD,Motor Car,16,C
WILKINSON ROAD,Motor Car,10,C
BACKLANE OFF BLAIR RD/ SPOTTISWOODE PARK ROAD,Motor Car,0,C
BLAIR ROAD,Motor Car,42,C
EVERTON ROAD,Motor Car,13,C
HOSPITAL DRIVE CAR PARK B OFF STREET,Motor Car,88,C
KEPPEL ROAD OFF STREET,Motor Car,105,C
SERVICE ROAD OFF EVERTON ROAD,Motor Car,6,C
SPOTTISWOODE PARK ROAD,Motor Car,10,C
ARAB STREET,Motor Car,95,C
BACKLANE BET ARAB STREET/JALAN PINANG,Motor Car,0,C
BACKLANE BET BAGHDAD STREET/MUSCAT STREET,Motor Car,0,C
BACKLANE BET JALAN SULTAN/ALIWAL STREET,Motor Car,0,C
BACKLANE OFF BAGHDAD STREET,Motor Car,0,C
BACKLANE OFF NORTH BRIDGE ROAD,Motor Car,0,C
BAGHDAD STREET,Motor Car,21,C
BAGHDAD STREET OFF STREET,Motor Car,22,C
BALI LANE,Motor Car,6,C
BEACH ROAD,Motor Car,15,C
BUSSORAH STREET,Motor Car,13,C
JALAN KLAPA,Motor Car,16,C
JALAN KLEDEK,Motor Car,8,C
JALAN KLEDEK OFF STREET,Motor Car,6,C
JALAN KUBOR (NORTH BRIDGE RD/VICTORIA ST),Motor Car,15,C
JALAN KUBOR (VICTORIA ST/ROCHOR CANAL RD),Motor Car,30,C
JALAN PINANG,Motor Car,10,C
JALAN PISANG,Motor Car,6,C
JALAN SULTAN,Motor Car,23,C
KANDAHAR STREET,Motor Car,47,C
NORTH BRIDGE ROAD (ARAB/JALAN SULTAN),Motor Car,32,C
NORTH BRIDGE ROAD MARKET OFF STREET,Motor Car,56,C
NORTH BRIDGE ROAD OFF STREET,Motor Car,92,C
PAHANG STREET,Motor Car,26,C
PAHANG STREET OFF STREET,Motor Car,32,C
SERVICE ROAD OFF ALIWAL STREET,Motor Car,7,C
SULTAN GATE,Motor Car,25,C
SULTAN GATE / ALIWAL STREET COACH PARK,Motor Car,0,C
SULTAN GATE / ALIWAL STREET OFF STREET,Motor Car,53,C
231-287 KRANJI ROAD (JTC),Motor Car,90,C
SUNGEI KADUT AVENUE,Motor Car,7,C
SUNGEI KADUT CRESCENT,Motor Car,9,C
SUNGEI KADUT DRIVE,Motor Car,38,C
SUNGEI KADUT LOOP,Motor Car,11,C
SUNGEI KADUT STREET 1,Motor Car,59,C
SUNGEI KADUT STREET 3,Motor Car,22,C
SUNGEI KADUT WAY,Motor Car,56,C
ANN SIANG ROAD,Motor Car,26,C
BACKLANE BET ANN SIANG ROAD/ERSKINE ROAD,Motor Car,0,C
BACKLANE BET CARPENTER /UPPER CIRCULAR ROAD,Motor Car,0,C
BACKLANE BET HONGKONG ST/CARPENTER STREET,Motor Car,0,C
BACKLANE BET JIAK CHUAN RD/TECK LIM ROAD,Motor Car,0,C
BACKLANE BET KEONG SAIK ROAD/NEIL ROAD,Motor Car,0,C
BACKLANE BET KEONG SAIK/NEW BRIDGE ROAD,Motor Car,0,C
BACKLANE BET TEMPLE STREET/PAGODA STREET,Motor Car,0,C
BACKLANE BET TEMPLE STREET/SMITH STREET,Motor Car,0,C
BACKLANE BET UPPER CROSS ST/MOSQUE STREET,Motor Car,0,C
BACKLANE OFF BUKIT PASOH ROAD,Motor Car,0,C
BACKLANE OFF GEMMILL LANE,Motor Car,0,C
BACKLANE OFF KEONG SAIK ROAD,Motor Car,0,C
BACKLANE OFF MOHD ALI LANE/ANN SIANG HILL,Motor Car,0,C
BACKLANE OFF SMITH STREET,Motor Car,0,C
BACKLANE OFF TECK LIM ROAD,Motor Car,0,C
BANDA STREET,Motor Car,11,C
BANDA STREET / SAGO LANE OFF STREET,Motor Car,60,C
BUKIT PASOH ROAD,Motor Car,43,C
CARPENTER STREET,Motor Car,35,C
CARPENTER STREET OFF STREET,Motor Car,69,C
CLUB STREET,Motor Car,29,C
CLUB STREET OFF STREET,Motor Car,87,C
DUXTON HILL OFF STREET,Motor Car,58,C
GEMMILL LANE,Motor Car,7,C
HONG KONG STREET,Motor Car,29,C
HONG LIM PARK OFF STREET,Motor Car,23,C
JIAK CHUAN ROAD,Motor Car,14,C
KEONG SAIK ROAD,Motor Car,68,C
MND COMPLEX (BASEMENT),Motor Car,506,C
MND COMPLEX (SURFACE),Motor Car,103,C
MOSQUE STREET,Motor Car,61,C
NEIL ROAD,Motor Car,7,C
NEIL ROAD OFF STREET,Motor Car,15,C
NEW MARKET ROAD,Motor Car,4,C
NORTH CANAL ROAD,Motor Car,24,C
TECK LIM ROAD,Motor Car,14,C
TEMPLE STREET,Motor Car,61,C
TEO HONG ROAD,Motor Car,17,C
TEO HONG ROAD / NEW BRIDGE ROAD OFF STREET,Motor Car,31,C
UPPER CIRCULAR ROAD,Motor Car,22,C
UPPER HOKKIEN STREET,Motor Car,31,C
FIFTH LOK YANG ROAD,Motor Car,14,C
FIRST LOK YANG ROAD,Motor Car,44,C
FOURTH LOK YANG ROAD,Motor Car,23,C
LOK YANG WAY,Motor Car,119,C
NEYTHAL ROAD,Motor Car,55,C
SECOND LOK YANG ROAD,Motor Car,22,C
SIXTH LOK YANG ROAD,Motor Car,21,C
THIRD LOK YANG ROAD,Motor Car,30,C
LOYANG CRESCENT,Motor Car,34,C
BURN ROAD,Motor Car,15,C
CIRCUIT ROAD,Motor Car,67,C
HAPPY AVENUE NORTH,Motor Car,11,C
HARRISON ROAD,Motor Car,6,C
HARVEY ROAD,Motor Car,8,C
HOWARD ROAD,Motor Car,9,C
IRVING PLACE,Motor Car,14,C
IRVING ROAD,Motor Car,6,C
JALAN ANGGEREK,Motor Car,21,C
JALAN MESIN,Motor Car,8,C
JOO SENG ROAD,Motor Car,20,C
KAMPONG AMPAT,Motor Car,14,C
LITTLE ROAD,Motor Car,6,C
MACPHERSON ROAD,Motor Car,28,C
MACTAGGART ROAD,Motor Car,10,C
PHENG GECK AVENUE,Motor Car,32,C
PUAY HEE AVENUE,Motor Car,11,C
SERVICE ROAD OFF MACPHERSON ROAD,Motor Car,28,C
SHAW ROAD,Motor Car,15,C
SIAK KEW AVENUE,Motor Car,4,C
SIANG KUANG AVENUE,Motor Car,13,C
TAI THONG CRESCENT,Motor Car,39,C
UPPER ALJUNIED LINK OFF-ST,Motor Car,15,C
UPPER PAYA LEBAR ROAD SERVICE ROAD,Motor Car,11,C
BAYFRONT AVENUE OFF STREET,Motor Car,251,C
DEVONSHIRE ROAD,Motor Car,9,C
DUBLIN ROAD,Motor Car,7,C
EMERALD HILL ROAD,Motor Car,31,C
EMERALD LINK,Motor Car,16,C
GRANGE ROAD / SOMERSET ROAD OFF STREET,Motor Car,118,C
HULLET ROAD,Motor Car,4,C
HULLET ROAD OFF STREET,Motor Car,26,C
KILLINEY ROAD,Motor Car,27,C
LLOYD ROAD,Motor Car,14,C
PENANG LANE,Motor Car,16,C
PENANG ROAD OFF STREET,Motor Car,19,C
SAUNDERS ROAD,Motor Car,33,C
PANDAN AVENUE,Motor Car,16,C
PANDAN CRESCENT,Motor Car,8,C
PANDAN GARDENS,Motor Car,0,C
PANDAN LOOP,Motor Car,60,C
PANDAN ROAD,Motor Car,91,C
TEBAN GARDENS CRESCENT,Motor Car,106,C
CLEMENTI STADIUM (SSC),Motor Car,26,C
JALAN MAS KUNING,Motor Car,25,C
JALAN MAS PUTEH,Motor Car,23,C
JALAN PELEPAH OFF STREET,Motor Car,54,C
NEO PEE TECK LANE,Motor Car,4,C
PASIR PANJANG FOOD CENTRE (TEMP) OFF ST,Motor Car,76,C
PASIR PANJANG FOOD CENTRE OFF STREET,Motor Car,61,C
PASIR PANJANG ROAD,Motor Car,7,C
PASIR PANJANG ROAD / LABRADOR VILLA ROAD,Motor Car,24,C
PASIR PANJANG ROAD / SOUTH BUONA VISTA ROAD,Motor Car,26,C
PASIR PANJANG ROAD OFF STREET,Motor Car,22,C
PASIR PANJANG ROAD/ CLEMENTI ROAD OFF ST,Motor Car,48,C
PEPYS ROAD OFF STREET,Motor Car,32,C
TAMAN MAS MERAH,Motor Car,13,C
WEST COAST PARK 1 OFF STREET,Motor Car,58,C
WISHART ROAD,Motor Car,38,C
LOYANG DRIVE,Motor Car,30,C
LOYANG LANE,Motor Car,26,C
LOYANG STREET,Motor Car,18,C
LOYANG WAY,Motor Car,69,C
LOYANG WAY 1,Motor Car,10,C
PASIR RIS CLOSE OFF STREET,Motor Car,302,C
PASIR RIS DRIVE 1 HEAVY VEHICLE PARK,Motor Car,0,C
PASIR RIS PARK CAR PARK E OFF STREET,Motor Car,27,C
TAMPINES INDUSTRIAL AVENUE 3,Motor Car,18,C
PENJURU CLOSE,Motor Car,11,C
TANJONG PENJURU CRESCENT,Motor Car,11,C
JALAN SAMULUN OFF STREET (JTC),Motor Car,30,C
PIONEER SECTOR 1,Motor Car,121,C
PIONEER SECTOR 2,Motor Car,77,C
PIONEER SECTOR 3,Motor Car,18,C
PIONEER SECTOR WALK,Motor Car,29,C
SERVICE ROAD OFF TEBING LANE,Motor Car,22,C
TEBING LANE,Motor Car,10,C
CHANG CHARN ROAD,Motor Car,13,C
HOY FATT ROAD,Motor Car,3,C
JALAN PENJARA,Motor Car,17,C
JALAN PENJARA OFF STREET,Motor Car,43,C
KUNG CHONG ROAD,Motor Car,33,C
LENG KEE ROAD,Motor Car,26,C
MARGARET DRIVE OFF STREET,Motor Car,52,C
QUEEN'S CRESCENT HEAVY VEHICLE PARK,Motor Car,0,C
QUEENSTOWN SPORTS COMPLEX (SSC),Motor Car,18,C
QUEENSWAY OFF STREET ( RIDEOUT TEA GARDEN),Motor Car,71,C
TANGLIN HALT CLOSE,Motor Car,37,C
CLEMENCEAU AVENUE OFF STREET,Motor Car,31,C
KELLOCK ROAD,Motor Car,28,C
KIM YAM ROAD,Motor Car,28,C
MARTIN PLACE/ MUTHURAMAN CHETTY ROAD,Motor Car,25,C
MOHAMED SULTAN ROAD,Motor Car,88,C
MOHD SULTAN ROAD/RIVER VALLEY ROAD OFF STREET,Motor Car,18,C
RIVER VALLEY ROAD(BET TANK RD/ZION RD),Motor Car,3,C
SERVICE ROAD OFF ZION ROAD,Motor Car,21,C
TAN TYE PLACE,Motor Car,0,C
TANK ROAD,Motor Car,18,C
UNITY STREET,Motor Car,20,C
ZION CLOSE,Motor Car,8,C
ZION ROAD,Motor Car,25,C
ZION ROAD OFF STREET,Motor Car,12,C
BACKLANE BET MIDDLE ROAD/LIANG SEAH STREET,Motor Car,0,C
BACKLANE OFF PURVIS STREET,Motor Car,0,C
BACKLANE OFF SEAH STREET,Motor Car,0,C
CHENG YAN PLACE,Motor Car,4,C
LIANG SEAH STREET,Motor Car,48,C
LIANG SEAH STREET OFF STREET,Motor Car,50,C
MACKENZIE ROAD,Motor Car,6,C
MACKENZIE ROAD A OFF STREET,Motor Car,111,C
MACKENZIE ROAD B OFF STREET,Motor Car,82,C
MACKENZIE ROAD C OFF STREET,Motor Car,6,C
MANILA STREET,Motor Car,6,C
MAYNE ROAD,Motor Car,6,C
MIDDLE ROAD OFF STREET,Motor Car,13,C
MOUNT EMILY ROAD,Motor Car,2,C
NIVEN ROAD,Motor Car,15,C
PRINSEP STREET (MIDDLE/ROCHOR CANAL),Motor Car,47,C
PURVIS STREET,Motor Car,44,C
QUEEN STREET,Motor Car,6,C
QUEEN STREET (ARAB STREET / ROCHOR ROAD),Motor Car,22,C
QUEEN STREET / ROCHOR ROAD OFF STREET,Motor Car,189,C
QUEEN STREET OFF STREET,Motor Car,91,C
SEAH STREET,Motor Car,8,C
SERVICE ROAD OFF QUEEN ST(QUEEN/WATERLOO ST),Motor Car,8,C
SHORT STREET,Motor Car,18,C
SOPHIA ROAD,Motor Car,5,C
TAN QUEE LAN STREET,Motor Car,73,C
WATERLOO STREET,Motor Car,13,C
WILKIE ROAD,Motor Car,16,C
JALAN DERUM,Motor Car,2,C
JALAN LEGUNDI,Motor Car,24,C
JALAN TAMPANG,Motor Car,19,C
SEMBAWANG DRIVE HEAVY VEHICLE PARK,Motor Car,0,C
SEMBAWANG RD/ADMIRALTY RD EAST OFF STREET,Motor Car,39,C
SEMBAWANG ROAD OFF STREET,Motor Car,75,C
SEMBONG ROAD,Motor Car,3,C
SENOKO AVENUE,Motor Car,26,C
SENOKO DRIVE,Motor Car,40,C
SENOKO ROAD,Motor Car,25,C
SENOKO SOUTH ROAD,Motor Car,26,C
SENOKO WAY,Motor Car,31,C
SERVICE ROAD OFF SEMBAWANG ROAD,Motor Car,5,C
SENGKANG EAST AND WEST WAY,Motor Car,0,C
BACKLANE BET CLIVE STREET/MADRAS STREET,Motor Car,0,C
BACKLANE BET CUFF ROAD /VEERASAMY ROAD,Motor Car,0,C
BACKLANE BET DICKSON ROAD/DUNLOP STREET,Motor Car,0,C
BACKLANE BET DICKSON ROAD/UPPER WELD ROAD,Motor Car,0,C
BACKLANE BET HINDOO ROAD/ROWELL ROAD,Motor Car,0,C
BACKLANE BET KAMPONG KAPOR/UPPER DICKSON RD,Motor Car,0,C
BACKLANE BET MAYO STREET/DUNLOP STREET,Motor Car,0,C
BACKLANE BET PERAK ROAD/MADRAS STREET,Motor Car,0,C
BACKLANE OFF DESKER ROAD,Motor Car,0,C
BACKLANE OFF ROWELL ROAD,Motor Car,0,C
BACKLANE OFF SAM LEONG ROAD,Motor Car,0,C
BACKLANE OFF SAM LEONG ROAD/JALAN BESAR,Motor Car,0,C
BACKLANE OFF STURDEE ROAD,Motor Car,0,C
BEATTY ROAD,Motor Car,32,C
BEATTY ROAD OFF STREET,Motor Car,17,C
BELILIOS LANE OFF STREET,Motor Car,35,C
BENG WAN ROAD OFF STREET,Motor Car,41,C
BIRCH ROAD,Motor Car,17,C
BUFFALO ROAD SERVICE ROAD,Motor Car,18,C
CAMPBELL LANE,Motor Car,9,C
CHANDER ROAD,Motor Car,14,C
CLIVE STREET,Motor Car,16,C
CUFF ROAD,Motor Car,40,C
DALHOUSIE LANE,Motor Car,4,C
DESKER ROAD,Motor Car,87,C
DICKSON ROAD,Motor Car,40,C
DICKSON ROAD OFF STREET,Motor Car,43,C
DUNLOP STREET,Motor Car,55,C
FARRER PARK SQUASH & TENNIS CENTRE (SSC),Motor Car,48,C
FLANDERS SQUARE,Motor Car,12,C
HINDOO ROAD,Motor Car,36,C
HINDOO ROAD OFF STREET,Motor Car,12,C
HINDOO ROAD/KAMPONG KAPOR ROAD OFF STREET,Motor Car,13,C
JALAN BESAR / BEATTY ROAD OFF STREET,Motor Car,45,C
JALAN SEMERBAK,Motor Car,5,C
JOO AVENUE,Motor Car,28,C
KAMPONG KAPOR ROAD,Motor Car,26,C
KAMPONG KAPOR ROAD OFF STREET,Motor Car,57,C
KERBAU ROAD,Motor Car,11,C
KINTA ROAD,Motor Car,8,C
KINTA ROAD OFF STREET,Motor Car,122,C
KITCHENER ROAD,Motor Car,12,C
LEMBU ROAD,Motor Car,19,C
MAYO STREET,Motor Car,35,C
MOONSTONE LANE,Motor Car,30,C
NORRIS ROAD,Motor Car,26,C
OPAL CRESCENT,Motor Car,46,C
OWEN ROAD (SERANGOON/ RACE COURSE ROAD),Motor Car,2,C
OWEN ROAD/ DORSET ROAD / CAMBRIDGE ROAD,Motor Car,13,C
PERAK ROAD,Motor Car,11,C
PERUMAL ROAD,Motor Car,8,C
PETAIN ROAD (SERANGOON ROAD / JALAN BESAR),Motor Car,62,C
PETAIN ROAD OFF STREET,Motor Car,15,C
RACE COURSE LANE,Motor Car,7,C
RACE COURSE ROAD,Motor Car,68,C
RACE COURSE ROAD (BET BT TIMAH / RANGOON RD),Motor Car,36,C
RACE COURSE ROAD / NORTHUMBERLAND ROAD,Motor Car,126,C
RANGOON LANE,Motor Car,3,C
RANGOON LANE OFF STREET,Motor Car,22,C
RANGOON ROAD,Motor Car,77,C
ROBERTS LANE,Motor Car,39,C
ROWELL ROAD,Motor Car,89,C
RUBY LANE,Motor Car,19,C
SAM LEONG ROAD,Motor Car,46,C
SERANGOON RD(KITCHENER RD/LAVENDER ST),Motor Car,46,C
SERVICE ROAD OFF JALAN KELULUT,Motor Car,27,C
SING AVENUE,Motor Car,17,C
SING JOO WALK,Motor Car,9,C
SOMME ROAD,Motor Car,13,C
ST WILFRID SPORTS COMPLEX (SSC),Motor Car,21,C
STARLIGHT ROAD / TERRACE,Motor Car,16,C
STURDEE ROAD,Motor Car,18,C
SYED ALWI ROAD (JALAN BESAR / SERANGOON RD),Motor Car,44,C
SYED ALWI ROAD(JALAN BESAR/ROCHOR CANAL RD),Motor Car,43,C
TESSENSOHN ROAD,Motor Car,51,C
UPPER DICKSON ROAD,Motor Car,16,C
UPPER WELD ROAD,Motor Car,59,C
VEERASAMY ROAD,Motor Car,42,C
VERDUN ROAD,Motor Car,7,C
VERDUN ROAD OFF STREET,Motor Car,18,C
BACKLANE BET BOON TAT STREET/MCCALLUM STREET,Motor Car,0,C
BACKLANE BET CECIL STREET/MARKET STREET,Motor Car,0,C
MARINA VIEW OFF STREET,Motor Car,48,C
PALMER ROAD,Motor Car,19,C
PALMER ROAD OFF STREET,Motor Car,46,C
PRINCE EDWARD ROAD / SHENTON WAY OFF STREET,Motor Car,66,C
JURONG OUTDOOR FUTSAL CENTRE (SSC),Motor Car,58,C
JURONG STADIUM (SSC),Motor Car,251,C
CHANGI SOUTH LANE,Motor Car,9,C
TAMPINES AVENUE 9/ AVENUE 10 HV PARK,Motor Car,0,C
ANGULLIA PARK OFF STREET,Motor Car,268,C
CLAYMORE HILL,Motor Car,10,C
CLAYMORE ROAD,Motor Car,8,C
BACKLANE BET CRAIG ROAD/DUXTON ROAD,Motor Car,0,C
BACKLANE BET PECK SEAH STREET/TRAS STREET,Motor Car,0,C
BACKLANE BET TRAS STREET/COOK STREET,Motor Car,0,C
BACKLANE OFF COOK STREET,Motor Car,0,C
BERNAM STREET,Motor Car,9,C
COOK STREET,Motor Car,5,C
DUXTON HILL,Motor Car,0,C
DUXTON ROAD,Motor Car,44,C
ENGGOR STREET,Motor Car,12,C
PECK SEAH STREET,Motor Car,4,C
PECK SEAH STREET OFF STREET,Motor Car,117,C
TANJONG PAGAR ROAD,Motor Car,26,C
TRAS STREET,Motor Car,75,C
WALLICH STREET,Motor Car,9,C
YAN KIT ROAD,Motor Car,19,C
YAN KIT ROAD / CANTONMENT ROAD OFF ST,Motor Car,15,C
AMOY STREET,Motor Car,84,C
AMOY STREET OFF STREET,Motor Car,16,C
BACKLANE BET BOON TAT STREET/AMOY STREET,Motor Car,0,C
BACKLANE OFF AMOY STREET,Motor Car,0,C
BACKLANE OFF BOON TAT STREET,Motor Car,0,C
BACKLANE OFF MCCALLUM STREET,Motor Car,0,C
BOON TAT STREET,Motor Car,19,C
MCCALLUM STREET,Motor Car,11,C
STANLEY STREET,Motor Car,26,C
TELOK AYER STREET,Motor Car,64,C
JALAN GELENGGANG,Motor Car,9,C
JALAN KURAS,Motor Car,8,C
SIN MING DRIVE,Motor Car,30,C
SIN MING DRIVE OFF STREET,Motor Car,57,C
SIN MING ROAD HEAVY VEHICLE PARK,Motor Car,0,C
WHITLEY ROAD / THOMSON ROAD HEAVY VEH PARK,Motor Car,12,C
TOA PAYOH EAST,Motor Car,0,C
TOA PAYOH WEST,Motor Car,62,C
23 TO 27 TUAS AVENUE 13 (JTC),Motor Car,80,C
TUAS AVENUE 1,Motor Car,10,C
TUAS AVENUE 11,Motor Car,10,C
TUAS AVENUE 12,Motor Car,21,C
TUAS AVENUE 13,Motor Car,16,C
TUAS AVENUE 18A,Motor Car,32,C
TUAS AVENUE 3,Motor Car,38,C
TUAS AVENUE 5,Motor Car,11,C
TUAS AVENUE 7,Motor Car,44,C
TUAS AVENUE 9,Motor Car,19,C
TUAS BASIN CLOSE,Motor Car,5,C
TUAS DRIVE 1,Motor Car,11,C
TUAS DRIVE 2,Motor Car,10,C
TUAS LANE,Motor Car,15,C
TUAS LINK 2,Motor Car,11,C
TUAS LINK 4,Motor Car,9,C
TUAS ROAD,Motor Car,28,C
TUAS ROAD (JTC),Motor Car,126,C
TUAS SOUTH AVENUE 1,Motor Car,63,C
TUAS SOUTH STREET 2,Motor Car,25,C
TUAS SOUTH STREET 5 (JTC),Motor Car,143,C
TUAS WEST AVENUE,Motor Car,39,C
KAKI BUKIT AVENUE 4,Motor Car,16,C
KAKI BUKIT PLACE,Motor Car,14,C
KAKI BUKIT ROAD 1,Motor Car,17,C
KAKI BUKIT ROAD 2,Motor Car,48,C
KAMPONG UBI INDUSTRIAL ESTATE (JTC),Motor Car,11,C
KIM CHUAN ROAD,Motor Car,26,C
NEW INDUSTRIAL ROAD,Motor Car,12,C
TAI SENG AVENUE,Motor Car,78,C
TAI SENG DRIVE,Motor Car,8,C
TAI SENG STREET,Motor Car,17,C
UBI AVENUE 1,Motor Car,4,C
UBI AVENUE 3,Motor Car,74,C
UBI AVENUE 4,Motor Car,10,C
UBI CRESCENT,Motor Car,17,C
UBI LINK,Motor Car,15,C
UBI ROAD 1,Motor Car,26,C
UBI ROAD 2,Motor Car,35,C
UBI ROAD 3,Motor Car,29,C
UBI ROAD 4,Motor Car,17,C
UBI VIEW,Motor Car,18,C
CHEONG CHIN NAM ROAD,Motor Car,68,C
JALAN SEH CHUAN OFF STREET,Motor Car,134,C
JALAN SEH CHUAN/LORONG KILAT OFF STREET,Motor Car,7,C
LORONG KILAT,Motor Car,28,C
SERVICE ROAD OFF UPPER BUKIT TIMAH ROAD,Motor Car,15,C
UPPER BUKIT TIMAH ROAD,Motor Car,5,C
ANCHORVALE CRESCENT HEAVY VEHICLE PARK,Motor Car,0,C
ANCHORVALE ROAD,Motor Car,38,C
ANCHORVALE STREET,Motor Car,66,C
BACKLANE OFF FARLEIGH AVENUE,Motor Car,0,C
BACKLANE OFF SERANGOON GARDEN WAY,Motor Car,0,C
BRIGHTON CRESCENT,Motor Car,11,C
BURGHLEY DRIVE SPORTS COMPLEX (SSC),Motor Car,19,C
FARLEIGH AVENUE,Motor Car,22,C
FARLEIGH AVENUE OFF STREET,Motor Car,44,C
KENSINGTON PARK ROAD OFF STREET,Motor Car,30,C
KENSINGTON PARK ROAD SERVICE ROAD,Motor Car,30,C
KOVAN ROAD,Motor Car,46,C
LIM TUA TOW ROAD,Motor Car,6,C
LIM TUA TOW ROAD OFF STREET,Motor Car,39,C
MAJU AVENUE,Motor Car,43,C
MAJU AVENUE SERVICE ROAD,Motor Car,3,C
PENSHURST PLACE,Motor Car,8,C
SANDOWN PLACE,Motor Car,4,C
SERANGOON GARDEN MARKET OFF STREET,Motor Car,107,C
SERANGOON GARDEN WAY,Motor Car,5,C
SERANGOON GARDEN WAY SERVICE ROAD,Motor Car,84,C
SERANGOON SPORTS COMPLEX (SSC),Motor Car,202,C
SIMON ROAD SERVICE ROAD,Motor Car,10,C
SOMMERVILLE WALK,Motor Car,8,C
SUNSHINE TERRACE,Motor Car,10,C
TAMPINES ROAD HEAVY VEHICLE PARK,Motor Car,0,C
TAMPINES ROAD/HOUGANG AVE 7 HEAVY VEH PARK,Motor Car,0,C
TECK CHYE TERRACE,Motor Car,26,C
UPPER SERANGOON ROAD,Motor Car,13,C
UPPER SERANGOON ROAD (BARTLEY RD JUNCTION),Motor Car,23,C
CASUARINA ROAD,Motor Car,10,C
JALAN KURAS OFF STREET,Motor Car,56,C
JALAN LEBAN SERVICE ROAD,Motor Car,25,C
OLD UPPER THOMSON ROAD,Motor Car,54,C
OLD UPPER THOMSON ROAD OFF STREET,Motor Car,17,C
SEMBAWANG HILLS FOOD CENTRE OFF STREET,Motor Car,21,C
SERVICE ROAD OFF SIN MING ROAD,Motor Car,9,C
TAGORE DRIVE,Motor Car,34,C
TAGORE INDUSTRIAL AVENUE,Motor Car,81,C
TAGORE LANE,Motor Car,135,C
TAGORE ROAD,Motor Car,50,C
UPPER THOMSON ROAD,Motor Car,7,C
UPPER THOMSON ROAD (LAKEVIEW ESTATE),Motor Car,12,C
UPPER THOMSON ROAD OFF STREET,Motor Car,38,C
15 WOODLANDS LOOP / 22 WOODLANDS LINK (JTC),Motor Car,933,C
MARSILING CRESCENT,Motor Car,0,C
MARSILING CRESCENT HEAVY VEHICLE PARK,Motor Car,0,C
RIVERSIDE ROAD,Motor Car,0,C
WOODLANDS AVE 9 (WOODLANDS AVE 8/LINK),Motor Car,0,C
WOODLANDS INDUSTRIAL PARK E 1,Motor Car,20,C
WOODLANDS INDUSTRIAL PARK E 3,Motor Car,72,C
WOODLANDS INDUSTRIAL PARK E 5,Motor Car,56,C
WOODLANDS INDUSTRIAL PARK E 6,Motor Car,11,C
WOODLANDS INDUSTRIAL PARK E 8,Motor Car,48,C
WOODLANDS INDUSTRIAL PARK E 9,Motor Car,41,C
WOODLANDS LINK,Motor Car,34,C
WOODLANDS LOOP,Motor Car,30,C
WOODLANDS SECTOR 1,Motor Car,27,C
WOODLANDS TERRACE,Motor Car,44,C
WOODLANDS WALK,Motor Car,22,C
SERVICE ROAD OFF JALAN SELASEH,Motor Car,29,C
GOODLINK PARK / JALAN MATA AYER OFF STREET,Motor Car,22,C
YISHUN AVENUE 1,Motor Car,0,C
"YISHUN AVENUE 1 (FROM BLK 433,LOTS SL1-SL88)",Motor Car,0,C
YISHUN AVENUE 7,Motor Car,5,C
YISHUN AVENUE 7 HEAVY VEHICLE PARK,Motor Car,0,C
YISHUN INDUSTRIAL PARK A,Motor Car,70,C
YISHUN SPORTS COMPLEX (SSC),Motor Car,243,C
YISHUN SWIMMING COMPLEX (SSC),Motor Car,15,C
ANG MO KIO AVENUE 1 HEAVY VEHICLE PARK,Motor Cycle,0,Y
ANG MO KIO STREET 62,Motor Cycle,0,Y
ANG MO KIO STREET 63,Motor Cycle,0,Y
ANG MO KIO STREET 64,Motor Cycle,0,Y
JALAN KAYU OFF STREET,Motor Cycle,18,Y
SELETAR AEROSPACE VIEW,Motor Cycle,20,Y
AYER RAJAH CRESCENT,Motor Cycle,0,Y
BALESTIER ROAD,Motor Cycle,0,Y
BHAMO ROAD,Motor Cycle,0,Y
BOON TECK ROAD,Motor Cycle,0,Y
JALAN AMPAS,Motor Cycle,0,Y
JALAN DUSUN,Motor Cycle,0,Y
JALAN KEMAMAN,Motor Cycle,0,Y
JALAN RAJA UDANG,Motor Cycle,0,Y
JALAN RAMA RAMA,Motor Cycle,0,Y
KIM KEAT CLOSE,Motor Cycle,0,Y
LORONG AMPAS,Motor Cycle,0,Y
MANDALAY ROAD,Motor Cycle,0,Y
MARTABAN ROAD,Motor Cycle,0,Y
MINBU ROAD,Motor Cycle,0,Y
MINBU ROAD OFF STREET,Motor Cycle,12,Y
PROME ROAD,Motor Cycle,0,Y
SERVICE ROAD OFF BALESTIER ROAD,Motor Cycle,0,Y
SHAN ROAD,Motor Cycle,10,Y
SHREWSBURY ROAD,Motor Cycle,0,Y
SHREWSBURY ROAD OFF STREET,Motor Cycle,5,Y
TAN TOCK SENG LINK,Motor Cycle,10,Y
BEDOK ROAD FOOD CENTRE OFF STREET,Motor Cycle,16,Y
BEDOK SOUTH ROAD,Motor Cycle,0,Y
BEDOK SPORTS COMPLEX (SSC),Motor Cycle,139,Y
JALAN LANA,Motor Cycle,0,Y
SERVICE ROAD OFF CHAI CHEE DRIVE,Motor Cycle,0,Y
BENOI ROAD,Motor Cycle,0,Y
BENOI SECTOR,Motor Cycle,0,Y
BISHAN SPORTS COMPLEX (SSC),Motor Cycle,35,Y
BRADDELL ROAD HEAVY VEHICLE PARK,Motor Cycle,0,Y
JALAN BINCHANG,Motor Cycle,0,Y
JALAN PEMIMPIN,Motor Cycle,0,Y
SIN MING WALK,Motor Cycle,0,Y
BACKLANE BET LORONG TELOK/CIRCULAR ROAD,Motor Cycle,13,Y
BACKLANE BET NORTH CANAL ROAD/CIRCULAR RD,Motor Cycle,10,Y
BACKLANE BET SYNAGOGUE STREET/CHURCH STREET,Motor Cycle,9,Y
BACKLANE OFF SYNAGOGUE STREET,Motor Cycle,43,Y
CIRCULAR ROAD,Motor Cycle,0,Y
LORONG TELOK,Motor Cycle,12,Y
PHILLIP STREET,Motor Cycle,0,Y
BUKIT BATOK EAST AVENUE 2 HV PARK,Motor Cycle,0,Y
BUKIT BATOK NATURE PARK OFF STREET,Motor Cycle,6,Y
BUKIT BATOK ROAD / JURONG ROAD OFF STREET,Motor Cycle,0,Y
BUKIT BATOK SWIMMING COMPLEX (SSC),Motor Cycle,6,Y
HILLVIEW TERRACE,Motor Cycle,0,Y
DELTA SPORTS COMPLEX (SSC),Motor Cycle,41,Y
MARITIME SQUARE D OFF STREET,Motor Cycle,414,Y
PRINCE PHILIP AVENUE,Motor Cycle,0,Y
SEAH IM ROAD OFF STREET,Motor Cycle,367,Y
TELOK BLANGAH DRIVE HEAVY VEHICLE PARK,Motor Cycle,0,Y
TELOK BLANGAH HEIGHTS,Motor Cycle,0,Y
TELOK BLANGAH STREET 31,Motor Cycle,0,Y
TIONG BAHRU PARK OFF STREET,Motor Cycle,0,Y
ADAM ROAD / DUNEARN CLOSE OFF STREET,Motor Cycle,10,Y
ADAM ROAD FOOD CENTRE OFF STREET,Motor Cycle,14,Y
ANAMALAI AVENUE,Motor Cycle,0,Y
ANTHONY ROAD OFF STREET,Motor Cycle,0,Y
BUKIT TIMAH LINK OFF STREET,Motor Cycle,8,Y
BUKIT TIMAH MARKET OFF STREET,Motor Cycle,26,Y
BUKIT TIMAH ROAD,Motor Cycle,0,Y
CAIRNHILL ROAD SERVICE ROAD,Motor Cycle,0,Y
CLEMENCEAU AVENUE,Motor Cycle,0,Y
CLEMENCEAU AVENUE NORTH (NEWTON FC),Motor Cycle,24,Y
CORONATION WALK,Motor Cycle,0,Y
DAIRY FARM ROAD / PETIR ROAD HV PARK,Motor Cycle,0,Y
DUNEARN CLOSE,Motor Cycle,0,Y
KAMPONG JAVA FRINGE CAR PARK,Motor Cycle,0,Y
KAMPONG JAVA ROAD,Motor Cycle,0,Y
MAKEWAY AVENUE,Motor Cycle,0,Y
PRINCE OF WALES ROAD,Motor Cycle,0,Y
PRINCESS OF WALES ROAD,Motor Cycle,0,Y
SIXTH AVENUE,Motor Cycle,0,Y
STEVENS ROAD,Motor Cycle,0,Y
3 CHANGI SOUTH AVENUE 4 (JTC),Motor Cycle,0,Y
"BLK 20,22,24,26,28,30 CHANGI NORTH WAY (JTC)",Motor Cycle,0,Y
"BLK 49,51,55,61,65 CHANGI NORTH CRES(JTC)",Motor Cycle,18,Y
CHANGI BEACH PARK CP 1,Motor Cycle,0,Y
CHANGI BEACH PARK CP 2,Motor Cycle,0,Y
CHANGI BEACH PARK CP 3,Motor Cycle,0,Y
CHANGI BEACH PARK CP 4,Motor Cycle,0,Y
CHANGI BEACH PARK CP 5,Motor Cycle,0,Y
CHANGI BEACH PARK CP 6,Motor Cycle,0,Y
CHANGI NORTH CRESCENT,Motor Cycle,0,Y
CHANGI NORTH RISE,Motor Cycle,0,Y
CHANGI NORTH STREET 1,Motor Cycle,0,Y
CHANGI NORTH STREET 2,Motor Cycle,0,Y
CHANGI ROAD (BET JALAN KEMBANGAN/STILL ROAD),Motor Cycle,0,Y
CHANGI ROAD (BET JOO CHIAT ROAD/STILL ROAD),Motor Cycle,10,Y
CHANGI ROAD / JALAN WAKAFF OFF STREET,Motor Cycle,0,Y
CHANGI ROAD OFF STREET,Motor Cycle,0,Y
CHANGI ROAD SERVICE ROAD,Motor Cycle,0,Y
CHANGI SOUTH AVENUE 2,Motor Cycle,18,Y
CHANGI SOUTH AVENUE 4,Motor Cycle,6,Y
CHANGI SOUTH STREET 1,Motor Cycle,0,Y
CHANGI SOUTH STREET 2,Motor Cycle,20,Y
CHANGI VILLAGE ROAD,Motor Cycle,18,Y
EVERITT ROAD NORTH,Motor Cycle,5,Y
JALAN LAPANG,Motor Cycle,0,Y
JALAN MASJID,Motor Cycle,0,Y
JALAN UBI,Motor Cycle,0,Y
KAMPONG EUNOS,Motor Cycle,0,Y
LANGSAT ROAD,Motor Cycle,0,Y
LORONG 102 CHANGI,Motor Cycle,0,Y
LORONG 104 CHANGI,Motor Cycle,0,Y
LORONG 105 CHANGI,Motor Cycle,0,Y
LORONG 106 CHANGI,Motor Cycle,0,Y
LORONG 107 CHANGI,Motor Cycle,0,Y
LORONG 108 CHANGI,Motor Cycle,4,Y
LORONG BEKUKONG OFF STREET,Motor Cycle,28,Y
LORONG MARICAN,Motor Cycle,0,Y
LORONG MARZUKI,Motor Cycle,0,Y
LORONG MELAYU,Motor Cycle,0,Y
LORONG MYDIN,Motor Cycle,0,Y
LORONG MYDIN OFF STREET,Motor Cycle,0,Y
LORONG SARINA,Motor Cycle,0,Y
NETHERAVON ROAD,Motor Cycle,5,Y
SERVICE ROAD OFF JALAN MASJID,Motor Cycle,0,Y
SIMS AVENUE (PAYA LEBAR RD/EUNOS RD),Motor Cycle,0,Y
UPPER CHANGI ROAD / BEDOK ROAD OFF STREET,Motor Cycle,8,Y
45 QUALITY ROAD (JTC),Motor Cycle,4,Y
CHIA PING ROAD,Motor Cycle,0,Y
CHIN BEE DRIVE,Motor Cycle,0,Y
CHIN BEE ROAD,Motor Cycle,0,Y
FOURTH CHIN BEE ROAD,Motor Cycle,0,Y
JALAN BESUT,Motor Cycle,0,Y
JALAN TUKANG,Motor Cycle,0,Y
JOO YEE ROAD,Motor Cycle,0,Y
LINK ROAD,Motor Cycle,0,Y
QUALITY ROAD,Motor Cycle,0,Y
SECOND CHIN BEE ROAD,Motor Cycle,0,Y
SERVICE ROAD OFF QUALITY ROAD,Motor Cycle,11,Y
THIRD CHIN BEE ROAD,Motor Cycle,0,Y
CHOA CHU KANG WAY,Motor Cycle,0,Y
SERVICE ROAD OFF CHOA CHU KANG AVE 1,Motor Cycle,22,Y
STAGMONT RING HEAVY VEHICLE PARK,Motor Cycle,0,Y
WOODLANDS ROAD LORRY PARK,Motor Cycle,0,Y
BACKLANE BET ONAN ROAD / JOO CHIAT ROAD,Motor Cycle,6,Y
CEYLON LANE,Motor Cycle,0,Y
CEYLON ROAD,Motor Cycle,0,Y
CRANE ROAD,Motor Cycle,0,Y
DUNMAN ROAD FOOD CENTRE OFF STREET,Motor Cycle,1,Y
EAN KIAM PLACE,Motor Cycle,0,Y
EAST COAST PARK E1 OFF STREET,Motor Cycle,23,Y
EAST COAST PARK E2 OFF STREET,Motor Cycle,38,Y
EAST COAST PARK E3 OFF STREET,Motor Cycle,2,Y
EAST COAST PARK SERVICE ROAD,Motor Cycle,0,Y
EAST COAST ROAD (BET FRANKEL AVE/SIGLAP RD),Motor Cycle,0,Y
EAST COAST ROAD (BET SIGLAP RD/JALAN JAMAL),Motor Cycle,0,Y
EAST COAST ROAD (HAIG ROAD/TELOK KURAU ROAD),Motor Cycle,17,Y
EVERITT ROAD,Motor Cycle,4,Y
FORT ROAD/EAST COAST PARK HV PARK,Motor Cycle,0,Y
JAGO CLOSE,Motor Cycle,0,Y
JOO CHIAT LANE,Motor Cycle,0,Y
JOO CHIAT PLACE,Motor Cycle,4,Y
JOO CHIAT ROAD (CHANGI ROAD/EAST COAST ROAD),Motor Cycle,13,Y
JOO CHIAT ROAD OFF STREET,Motor Cycle,36,Y
JOO CHIAT TERRACE (JOO CHIAT RD/TEMBELING RD),Motor Cycle,4,Y
LORONG 101 CHANGI,Motor Cycle,2,Y
MARSHALL ROAD,Motor Cycle,7,Y
ONAN ROAD,Motor Cycle,5,Y
ONAN ROAD / JOO CHIAT ROAD OFF STREET,Motor Cycle,0,Y
ONAN ROAD OFF STREET,Motor Cycle,2,Y
PENNEFATHER ROAD,Motor Cycle,0,Y
SERVICE ROAD OFF JOO CHIAT ROAD,Motor Cycle,0,Y
SERVICE ROAD OFF ONAN ROAD,Motor Cycle,10,Y
SERVICE ROAD OFF UPPER EAST COAST ROAD,Motor Cycle,0,Y
SIGLAP LINK,Motor Cycle,0,Y
TANJONG KATONG RD OFF ST (OPP WILKINSON RD),Motor Cycle,7,Y
TANJONG KATONG ROAD OFF STREET,Motor Cycle,21,Y
TELOK KURAU ROAD,Motor Cycle,0,Y
TEMBELING ROAD,Motor Cycle,0,Y
TEMBELING ROAD OFF STREET,Motor Cycle,23,Y
UPPER EAST COAST ROAD OFF STREET,Motor Cycle,0,Y
ALJUNIED ROAD OFF STREET,Motor Cycle,0,Y
AROOZOO AVENUE,Motor Cycle,0,Y
CEYLON ROAD OFF STREET,Motor Cycle,0,Y
GEYLANG EAST SERVICE ROAD,Motor Cycle,5,Y
GEYLANG EAST SWIMMING COMPLEX (SSC),Motor Cycle,3,Y
GEYLANG ROAD,Motor Cycle,0,Y
GUILLEMARD ROAD,Motor Cycle,0,Y
JALAN AYER,Motor Cycle,0,Y
KAMPONG BUGIS,Motor Cycle,0,Y
KAMPONG BUGIS OFF STREET,Motor Cycle,10,Y
LORONG 1 GEYLANG ROAD OFF STREET,Motor Cycle,0,Y
LORONG 11 GEYLANG,Motor Cycle,0,Y
LORONG 12 GEYLANG,Motor Cycle,0,Y
LORONG 13 GEYLANG,Motor Cycle,0,Y
LORONG 14 GEYLANG,Motor Cycle,0,Y
LORONG 15 GEYLANG,Motor Cycle,0,Y
LORONG 16 GEYLANG,Motor Cycle,0,Y
LORONG 17 GEYLANG,Motor Cycle,0,Y
LORONG 18 GEYLANG,Motor Cycle,0,Y
LORONG 19 GEYLANG,Motor Cycle,0,Y
LORONG 20 GEYLANG,Motor Cycle,0,Y
LORONG 21 GEYLANG,Motor Cycle,0,Y
LORONG 21 GEYLANG / GEYLANG ROAD OFF ST,Motor Cycle,0,Y
LORONG 21 GEYLANG OFF STREET,Motor Cycle,14,Y
LORONG 21A GEYLANG,Motor Cycle,0,Y
LORONG 23 GEYLANG,Motor Cycle,0,Y
LORONG 24 GEYLANG,Motor Cycle,0,Y
LORONG 24A GEYLANG,Motor Cycle,0,Y
LORONG 25 GEYLANG,Motor Cycle,0,Y
LORONG 25/25A GEYLANG OFF STREET,Motor Cycle,12,Y
LORONG 25A GEYLANG,Motor Cycle,0,Y
LORONG 26 GEYLANG,Motor Cycle,0,Y
LORONG 27 GEYLANG,Motor Cycle,0,Y
LORONG 27A GEYLANG,Motor Cycle,0,Y
LORONG 28 GEYLANG,Motor Cycle,0,Y
LORONG 28 SERVICE ROAD GEYLANG,Motor Cycle,0,Y
LORONG 29 GEYLANG,Motor Cycle,0,Y
LORONG 3 GEYLANG,Motor Cycle,0,Y
LORONG 30 GEYLANG,Motor Cycle,0,Y
LORONG 31 GEYLANG,Motor Cycle,0,Y
LORONG 31 GEYLANG OFF STREET,Motor Cycle,21,Y
LORONG 32 GEYLANG,Motor Cycle,0,Y
LORONG 33 GEYLANG,Motor Cycle,0,Y
LORONG 34 GEYLANG,Motor Cycle,0,Y
LORONG 35 GEYLANG,Motor Cycle,0,Y
LORONG 36 GEYLANG,Motor Cycle,0,Y
LORONG 36 GEYLANG OFF STREET,Motor Cycle,0,Y
LORONG 37 GEYLANG,Motor Cycle,0,Y
LORONG 37 GEYLANG OFF STREET,Motor Cycle,17,Y
LORONG 38 GEYLANG,Motor Cycle,0,Y
LORONG 39 GEYLANG,Motor Cycle,0,Y
LORONG 39 SERVICE ROAD GEYLANG,Motor Cycle,0,Y
LORONG 4 GEYLANG,Motor Cycle,0,Y
LORONG 40 GEYLANG,Motor Cycle,0,Y
LORONG 41 GEYLANG,Motor Cycle,0,Y
LORONG 6 GEYLANG,Motor Cycle,0,Y
LORONG 7 GEYLANG,Motor Cycle,0,Y
LORONG 8 GEYLANG,Motor Cycle,0,Y
LORONG 9 GEYLANG,Motor Cycle,0,Y
LORONG 9/11 GEYLANG OFF STREET,Motor Cycle,9,Y
LORONG BACHOK,Motor Cycle,0,Y
LORONG BACHOK OFF STREET,Motor Cycle,6,Y
LORONG TAHAR,Motor Cycle,0,Y
SERVICE ROAD OFF LORONG 44 GEYLANG,Motor Cycle,0,Y
SIMS AVENUE (BET LOR 3 GEYLANG/PAYA LEBAR RD),Motor Cycle,0,Y
SIMS AVENUE SERVICE ROAD,Motor Cycle,0,Y
SIMS PLACE,Motor Cycle,0,Y
TALMA ROAD,Motor Cycle,0,Y
TANJONG KATONG COMPLEX,Motor Cycle,72,Y
WESTERHOUT ROAD,Motor Cycle,0,Y
GUL AVENUE,Motor Cycle,0,Y
GUL CIRCLE,Motor Cycle,0,Y
GUL CRESCENT,Motor Cycle,0,Y
GUL DRIVE,Motor Cycle,0,Y
GUL LANE,Motor Cycle,0,Y
GUL ROAD,Motor Cycle,165,Y
GUL STREET 1,Motor Cycle,0,Y
GUL STREET 2,Motor Cycle,0,Y
GUL STREET 3,Motor Cycle,0,Y
GUL STREET 4,Motor Cycle,0,Y
GUL STREET 5,Motor Cycle,0,Y
DELTA CIRCUS FRINGE CAR PARK,Motor Cycle,40,Y
HAVELOCK ROAD,Motor Cycle,15,Y
OUTRAM HILL,Motor Cycle,10,Y
OUTRAM ROAD,Motor Cycle,0,Y
OUTRAM ROAD OFF STREET,Motor Cycle,6,Y
PEARL BANK OFF STREET,Motor Cycle,12,Y
ARMENIAN ST / CANNING RISE OFF ST CAR PARK,Motor Cycle,0,Y
ARMENIAN STREET,Motor Cycle,0,Y
ARMENIAN STREET OFF STREET,Motor Cycle,8,Y
CANNING RISE OFF STREET,Motor Cycle,13,Y
FORT CANNING PARK A OFF STREET,Motor Cycle,5,Y
FORT CANNING PARK B OFF STREET,Motor Cycle,12,Y
FORT CANNING PARK C OFF STREET,Motor Cycle,0,Y
HOLLAND DR/NORTH BOUNA VISTA RD OFF STREET,Motor Cycle,16,Y
HOLLAND DRIVE OFF STREET,Motor Cycle,42,Y
JALAN HITAM MANIS,Motor Cycle,0,Y
JALAN KELABU ASAP,Motor Cycle,0,Y
JALAN KUNING,Motor Cycle,0,Y
JALAN MERAH SAGA,Motor Cycle,0,Y
JALAN PUTEH JERNEH,Motor Cycle,0,Y
JALAN RUMIA,Motor Cycle,0,Y
WARNA ROAD,Motor Cycle,0,Y
WARNA ROAD OFF STREET,Motor Cycle,7,Y
ALIWAL STREET,Motor Cycle,4,Y
ALLENBY ROAD,Motor Cycle,0,Y
BABOO LANE,Motor Cycle,6,Y
BACKLANE BET KELANTAN LANE/KELANTAN ROAD,Motor Cycle,8,Y
BACKLANE BET KITCHENER ROAD/PLUMER ROAD,Motor Cycle,5,Y
BACKLANE BET TOWNSHEND ROAD/JALAN BESAR,Motor Cycle,11,Y
BACKLANE OFF CAVAN ROAD,Motor Cycle,5,Y
BACKLANE OFF JALAN BERSEH,Motor Cycle,19,Y
BEATTY LANE,Motor Cycle,0,Y
CAVAN ROAD,Motor Cycle,0,Y
FOCH ROAD,Motor Cycle,10,Y
HAMILTON ROAD,Motor Cycle,0,Y
HAMILTON ROAD OFF STREET,Motor Cycle,3,Y
HORNE ROAD,Motor Cycle,8,Y
JALAN BERSEH,Motor Cycle,0,Y
JALAN BESAR,Motor Cycle,10,Y
JALAN BESAR SPORTS COMPLEX (SSC),Motor Cycle,30,Y
JELLICOE ROAD,Motor Cycle,0,Y
KALLANG ROAD/CRAWFORD STREET OFF STREET,Motor Cycle,59,Y
KELANTAN LANE,Motor Cycle,34,Y
KELANTAN ROAD,Motor Cycle,5,Y
KING GEORGE'S AVENUE OFF STREET,Motor Cycle,4,Y
KING GEORGE'S AVENUE/ HORNE ROAD OFF STREET,Motor Cycle,18,Y
MAUDE ROAD,Motor Cycle,0,Y
PENHAS ROAD,Motor Cycle,0,Y
PENHAS ROAD / LAVENDER STREET OFF STREET,Motor Cycle,0,Y
PETAIN ROAD (JALAN BESAR / TYRWHITT ROAD),Motor Cycle,0,Y
PLUMER ROAD,Motor Cycle,0,Y
SERVICE ROAD BET HAMILTON RD/CAVAN RD,Motor Cycle,0,Y
SERVICE ROAD BETWEEN PETAIN RD/ALLENBY RD,Motor Cycle,0,Y
SERVICE ROAD OFF KING GEORGE'S AVENUE,Motor Cycle,0,Y
SERVICE ROAD OFF PENHAS ROAD,Motor Cycle,0,Y
SUNGEI ROAD OFF STREET,Motor Cycle,17,Y
SUNGEI ROAD(WELD ROAD/ KELANTAN ROAD),Motor Cycle,0,Y
TOWNSHEND ROAD,Motor Cycle,0,Y
TYRWHITT ROAD,Motor Cycle,0,Y
JOO KOON CIRCLE,Motor Cycle,0,Y
JOO KOON CRESCENT,Motor Cycle,0,Y
JOO KOON ROAD,Motor Cycle,0,Y
JOO KOON WAY,Motor Cycle,0,Y
SCIENCE CENTRE ROAD,Motor Cycle,0,Y
TOH GUAN ROAD,Motor Cycle,0,Y
BOON LAY SWIMMING COMPLEX (SSC),Motor Cycle,12,Y
BULIM AVENUE HVP,Motor Cycle,0,Y
JALAN BAHAR HEAVY VEHICLE PARK,Motor Cycle,0,Y
32 TO 53 KALLANG PLACE (JTC),Motor Cycle,10,Y
ALJUNIED ROAD (MINOR),Motor Cycle,0,Y
BENDEMEER ROAD HEAVY VEHICLE PARK,Motor Cycle,0,Y
GENTING LANE,Motor Cycle,0,Y
GENTING LANE OFF STREET,Motor Cycle,0,Y
GENTING LINK,Motor Cycle,0,Y
GENTING ROAD,Motor Cycle,0,Y
JALAN LEMBAH KALLANG,Motor Cycle,0,Y
KALLANG AVENUE,Motor Cycle,0,Y
KALLANG BAHRU,Motor Cycle,0,Y
KALLANG BASIN SWIMMING COMPLEX (SSC),Motor Cycle,6,Y
KALLANG SECTOR,Motor Cycle,0,Y
KALLANG WAY,Motor Cycle,0,Y
KALLANG WAY 1,Motor Cycle,0,Y
KALLANG WAY 2A,Motor Cycle,0,Y
KEMPAS ROAD,Motor Cycle,17,Y
LORONG BAKAR BATU,Motor Cycle,0,Y
LORONG PENDEK,Motor Cycle,0,Y
SERVICE ROAD OFF GENTING LANE,Motor Cycle,0,Y
SOON WING ROAD,Motor Cycle,0,Y
TANNERY LANE,Motor Cycle,0,Y
KALLANG SPORTS COMPLEX CAR PARK 4(SSC),Motor Cycle,55,Y
KALLANG SPORTS COMPLEX CAR PARK 5(SSC),Motor Cycle,32,Y
KATONG SWIMMING POOL (SSC),Motor Cycle,9,Y
OLD AIRPORT ROAD,Motor Cycle,4,Y
WILKINSON ROAD,Motor Cycle,0,Y
BACKLANE OFF BLAIR RD/ SPOTTISWOODE PARK ROAD,Motor Cycle,8,Y
BLAIR ROAD,Motor Cycle,0,Y
EVERTON ROAD,Motor Cycle,0,Y
HOSPITAL DRIVE CAR PARK B OFF STREET,Motor Cycle,14,Y
KEPPEL ROAD OFF STREET,Motor Cycle,22,Y
SERVICE ROAD OFF EVERTON ROAD,Motor Cycle,0,Y
SPOTTISWOODE PARK ROAD,Motor Cycle,0,Y
ARAB STREET,Motor Cycle,13,Y
BACKLANE BET ARAB STREET/JALAN PINANG,Motor Cycle,10,Y
BACKLANE BET BAGHDAD STREET/MUSCAT STREET,Motor Cycle,19,Y
BACKLANE BET JALAN SULTAN/ALIWAL STREET,Motor Cycle,20,Y
BACKLANE OFF BAGHDAD STREET,Motor Cycle,10,Y
BACKLANE OFF NORTH BRIDGE ROAD,Motor Cycle,5,Y
BAGHDAD STREET,Motor Cycle,0,Y
BAGHDAD STREET OFF STREET,Motor Cycle,7,Y
BALI LANE,Motor Cycle,0,Y
BEACH ROAD,Motor Cycle,0,Y
BUSSORAH STREET,Motor Cycle,0,Y
JALAN KLAPA,Motor Cycle,2,Y
JALAN KLEDEK,Motor Cycle,0,Y
JALAN KLEDEK OFF STREET,Motor Cycle,0,Y
JALAN KUBOR (NORTH BRIDGE RD/VICTORIA ST),Motor Cycle,4,Y
JALAN KUBOR (VICTORIA ST/ROCHOR CANAL RD),Motor Cycle,0,Y
JALAN PINANG,Motor Cycle,0,Y
JALAN PISANG,Motor Cycle,0,Y
JALAN SULTAN,Motor Cycle,0,Y
KANDAHAR STREET,Motor Cycle,3,Y
NORTH BRIDGE ROAD (ARAB/JALAN SULTAN),Motor Cycle,2,Y
NORTH BRIDGE ROAD MARKET OFF STREET,Motor Cycle,7,Y
NORTH BRIDGE ROAD OFF STREET,Motor Cycle,20,Y
PAHANG STREET,Motor Cycle,3,Y
PAHANG STREET OFF STREET,Motor Cycle,0,Y
SERVICE ROAD OFF ALIWAL STREET,Motor Cycle,0,Y
SULTAN GATE,Motor Cycle,0,Y
SULTAN GATE / ALIWAL STREET COACH PARK,Motor Cycle,0,Y
SULTAN GATE / ALIWAL STREET OFF STREET,Motor Cycle,4,Y
231-287 KRANJI ROAD (JTC),Motor Cycle,35,Y
SUNGEI KADUT AVENUE,Motor Cycle,0,Y
SUNGEI KADUT CRESCENT,Motor Cycle,0,Y
SUNGEI KADUT DRIVE,Motor Cycle,0,Y
SUNGEI KADUT LOOP,Motor Cycle,0,Y
SUNGEI KADUT STREET 1,Motor Cycle,0,Y
SUNGEI KADUT STREET 3,Motor Cycle,0,Y
SUNGEI KADUT WAY,Motor Cycle,0,Y
ANN SIANG ROAD,Motor Cycle,0,Y
BACKLANE BET ANN SIANG ROAD/ERSKINE ROAD,Motor Cycle,21,Y
BACKLANE BET CARPENTER /UPPER CIRCULAR ROAD,Motor Cycle,9,Y
BACKLANE BET HONGKONG ST/CARPENTER STREET,Motor Cycle,7,Y
BACKLANE BET JIAK CHUAN RD/TECK LIM ROAD,Motor Cycle,7,Y
BACKLANE BET KEONG SAIK ROAD/NEIL ROAD,Motor Cycle,8,Y
BACKLANE BET KEONG SAIK/NEW BRIDGE ROAD,Motor Cycle,5,Y
BACKLANE BET TEMPLE STREET/PAGODA STREET,Motor Cycle,10,Y
BACKLANE BET TEMPLE STREET/SMITH STREET,Motor Cycle,13,Y
BACKLANE BET UPPER CROSS ST/MOSQUE STREET,Motor Cycle,20,Y
BACKLANE OFF BUKIT PASOH ROAD,Motor Cycle,12,Y
BACKLANE OFF GEMMILL LANE,Motor Cycle,6,Y
BACKLANE OFF KEONG SAIK ROAD,Motor Cycle,7,Y
BACKLANE OFF MOHD ALI LANE/ANN SIANG HILL,Motor Cycle,6,Y
BACKLANE OFF SMITH STREET,Motor Cycle,15,Y
BACKLANE OFF TECK LIM ROAD,Motor Cycle,12,Y
BANDA STREET,Motor Cycle,0,Y
BANDA STREET / SAGO LANE OFF STREET,Motor Cycle,5,Y
BUKIT PASOH ROAD,Motor Cycle,0,Y
CARPENTER STREET,Motor Cycle,0,Y
CARPENTER STREET OFF STREET,Motor Cycle,9,Y
CLUB STREET,Motor Cycle,7,Y
CLUB STREET OFF STREET,Motor Cycle,5,Y
DUXTON HILL OFF STREET,Motor Cycle,0,Y
GEMMILL LANE,Motor Cycle,0,Y
HONG KONG STREET,Motor Cycle,0,Y
HONG LIM PARK OFF STREET,Motor Cycle,6,Y
JIAK CHUAN ROAD,Motor Cycle,0,Y
KEONG SAIK ROAD,Motor Cycle,6,Y
MND COMPLEX (BASEMENT),Motor Cycle,70,Y
MND COMPLEX (SURFACE),Motor Cycle,44,Y
MOSQUE STREET,Motor Cycle,4,Y
NEIL ROAD,Motor Cycle,0,Y
NEIL ROAD OFF STREET,Motor Cycle,0,Y
NEW MARKET ROAD,Motor Cycle,22,Y
NORTH CANAL ROAD,Motor Cycle,0,Y
TECK LIM ROAD,Motor Cycle,0,Y
TEMPLE STREET,Motor Cycle,0,Y
TEO HONG ROAD,Motor Cycle,0,Y
TEO HONG ROAD / NEW BRIDGE ROAD OFF STREET,Motor Cycle,0,Y
UPPER CIRCULAR ROAD,Motor Cycle,0,Y
UPPER HOKKIEN STREET,Motor Cycle,15,Y
FIFTH LOK YANG ROAD,Motor Cycle,0,Y
FIRST LOK YANG ROAD,Motor Cycle,0,Y
FOURTH LOK YANG ROAD,Motor Cycle,0,Y
LOK YANG WAY,Motor Cycle,0,Y
NEYTHAL ROAD,Motor Cycle,0,Y
SECOND LOK YANG ROAD,Motor Cycle,0,Y
SIXTH LOK YANG ROAD,Motor Cycle,0,Y
THIRD LOK YANG ROAD,Motor Cycle,0,Y
LOYANG CRESCENT,Motor Cycle,0,Y
BURN ROAD,Motor Cycle,0,Y
CIRCUIT ROAD,Motor Cycle,18,Y
HAPPY AVENUE NORTH,Motor Cycle,0,Y
HARRISON ROAD,Motor Cycle,0,Y
HARVEY ROAD,Motor Cycle,0,Y
HOWARD ROAD,Motor Cycle,0,Y
IRVING PLACE,Motor Cycle,0,Y
IRVING ROAD,Motor Cycle,0,Y
JALAN ANGGEREK,Motor Cycle,0,Y
JALAN MESIN,Motor Cycle,0,Y
JOO SENG ROAD,Motor Cycle,0,Y
KAMPONG AMPAT,Motor Cycle,0,Y
LITTLE ROAD,Motor Cycle,0,Y
MACPHERSON ROAD,Motor Cycle,0,Y
MACTAGGART ROAD,Motor Cycle,0,Y
PHENG GECK AVENUE,Motor Cycle,0,Y
PUAY HEE AVENUE,Motor Cycle,0,Y
SERVICE ROAD OFF MACPHERSON ROAD,Motor Cycle,0,Y
SHAW ROAD,Motor Cycle,0,Y
SIAK KEW AVENUE,Motor Cycle,0,Y
SIANG KUANG AVENUE,Motor Cycle,0,Y
TAI THONG CRESCENT,Motor Cycle,0,Y
UPPER ALJUNIED LINK OFF-ST,Motor Cycle,0,Y
UPPER PAYA LEBAR ROAD SERVICE ROAD,Motor Cycle,0,Y
BAYFRONT AVENUE OFF STREET,Motor Cycle,176,Y
DEVONSHIRE ROAD,Motor Cycle,0,Y
DUBLIN ROAD,Motor Cycle,0,Y
EMERALD HILL ROAD,Motor Cycle,0,Y
EMERALD LINK,Motor Cycle,14,Y
GRANGE ROAD / SOMERSET ROAD OFF STREET,Motor Cycle,66,Y
HULLET ROAD,Motor Cycle,0,Y
HULLET ROAD OFF STREET,Motor Cycle,0,Y
KILLINEY ROAD,Motor Cycle,0,Y
LLOYD ROAD,Motor Cycle,0,Y
PENANG LANE,Motor Cycle,18,Y
PENANG ROAD OFF STREET,Motor Cycle,0,Y
SAUNDERS ROAD,Motor Cycle,0,Y
PANDAN AVENUE,Motor Cycle,0,Y
PANDAN CRESCENT,Motor Cycle,0,Y
PANDAN GARDENS,Motor Cycle,0,Y
PANDAN LOOP,Motor Cycle,0,Y
PANDAN ROAD,Motor Cycle,0,Y
TEBAN GARDENS CRESCENT,Motor Cycle,0,Y
CLEMENTI STADIUM (SSC),Motor Cycle,12,Y
JALAN MAS KUNING,Motor Cycle,0,Y
JALAN MAS PUTEH,Motor Cycle,15,Y
JALAN PELEPAH OFF STREET,Motor Cycle,8,Y
NEO PEE TECK LANE,Motor Cycle,0,Y
PASIR PANJANG FOOD CENTRE (TEMP) OFF ST,Motor Cycle,16,Y
PASIR PANJANG FOOD CENTRE OFF STREET,Motor Cycle,17,Y
PASIR PANJANG ROAD,Motor Cycle,0,Y
PASIR PANJANG ROAD / LABRADOR VILLA ROAD,Motor Cycle,4,Y
PASIR PANJANG ROAD / SOUTH BUONA VISTA ROAD,Motor Cycle,16,Y
PASIR PANJANG ROAD OFF STREET,Motor Cycle,0,Y
PASIR PANJANG ROAD/ CLEMENTI ROAD OFF ST,Motor Cycle,3,Y
PEPYS ROAD OFF STREET,Motor Cycle,0,Y
TAMAN MAS MERAH,Motor Cycle,0,Y
WEST COAST PARK 1 OFF STREET,Motor Cycle,10,Y
WISHART ROAD,Motor Cycle,0,Y
LOYANG DRIVE,Motor Cycle,32,Y
LOYANG LANE,Motor Cycle,0,Y
LOYANG STREET,Motor Cycle,0,Y
LOYANG WAY,Motor Cycle,17,Y
LOYANG WAY 1,Motor Cycle,0,Y
PASIR RIS CLOSE OFF STREET,Motor Cycle,64,Y
PASIR RIS DRIVE 1 HEAVY VEHICLE PARK,Motor Cycle,0,Y
PASIR RIS PARK CAR PARK E OFF STREET,Motor Cycle,10,Y
TAMPINES INDUSTRIAL AVENUE 3,Motor Cycle,10,Y
PENJURU CLOSE,Motor Cycle,0,Y
TANJONG PENJURU CRESCENT,Motor Cycle,0,Y
JALAN SAMULUN OFF STREET (JTC),Motor Cycle,10,Y
PIONEER SECTOR 1,Motor Cycle,0,Y
PIONEER SECTOR 2,Motor Cycle,34,Y
PIONEER SECTOR 3,Motor Cycle,0,Y
PIONEER SECTOR WALK,Motor Cycle,0,Y
SERVICE ROAD OFF TEBING LANE,Motor Cycle,0,Y
TEBING LANE,Motor Cycle,0,Y
CHANG CHARN ROAD,Motor Cycle,0,Y
HOY FATT ROAD,Motor Cycle,0,Y
JALAN PENJARA,Motor Cycle,0,Y
JALAN PENJARA OFF STREET,Motor Cycle,0,Y
KUNG CHONG ROAD,Motor Cycle,10,Y
LENG KEE ROAD,Motor Cycle,0,Y
MARGARET DRIVE OFF STREET,Motor Cycle,13,Y
QUEEN'S CRESCENT HEAVY VEHICLE PARK,Motor Cycle,0,Y
QUEENSTOWN SPORTS COMPLEX (SSC),Motor Cycle,0,Y
QUEENSWAY OFF STREET ( RIDEOUT TEA GARDEN),Motor Cycle,15,Y
TANGLIN HALT CLOSE,Motor Cycle,0,Y
CLEMENCEAU AVENUE OFF STREET,Motor Cycle,5,Y
KELLOCK ROAD,Motor Cycle,0,Y
KIM YAM ROAD,Motor Cycle,0,Y
MARTIN PLACE/ MUTHURAMAN CHETTY ROAD,Motor Cycle,5,Y
MOHAMED SULTAN ROAD,Motor Cycle,24,Y
MOHD SULTAN ROAD/RIVER VALLEY ROAD OFF STREET,Motor Cycle,0,Y
RIVER VALLEY ROAD(BET TANK RD/ZION RD),Motor Cycle,0,Y
SERVICE ROAD OFF ZION ROAD,Motor Cycle,0,Y
TAN TYE PLACE,Motor Cycle,0,Y
TANK ROAD,Motor Cycle,12,Y
UNITY STREET,Motor Cycle,0,Y
ZION CLOSE,Motor Cycle,0,Y
ZION ROAD,Motor Cycle,0,Y
ZION ROAD OFF STREET,Motor Cycle,0,Y
BACKLANE BET MIDDLE ROAD/LIANG SEAH STREET,Motor Cycle,16,Y
BACKLANE OFF PURVIS STREET,Motor Cycle,9,Y
BACKLANE OFF SEAH STREET,Motor Cycle,3,Y
CHENG YAN PLACE,Motor Cycle,15,Y
LIANG SEAH STREET,Motor Cycle,10,Y
LIANG SEAH STREET OFF STREET,Motor Cycle,8,Y
MACKENZIE ROAD,Motor Cycle,3,Y
MACKENZIE ROAD A OFF STREET,Motor Cycle,5,Y
MACKENZIE ROAD B OFF STREET,Motor Cycle,33,Y
MACKENZIE ROAD C OFF STREET,Motor Cycle,0,Y
MANILA STREET,Motor Cycle,11,Y
MAYNE ROAD,Motor Cycle,0,Y
MIDDLE ROAD OFF STREET,Motor Cycle,2,Y
MOUNT EMILY ROAD,Motor Cycle,3,Y
NIVEN ROAD,Motor Cycle,5,Y
PRINSEP STREET (MIDDLE/ROCHOR CANAL),Motor Cycle,26,Y
PURVIS STREET,Motor Cycle,6,Y
QUEEN STREET,Motor Cycle,32,Y
QUEEN STREET (ARAB STREET / ROCHOR ROAD),Motor Cycle,12,Y
QUEEN STREET / ROCHOR ROAD OFF STREET,Motor Cycle,47,Y
QUEEN STREET OFF STREET,Motor Cycle,19,Y
SEAH STREET,Motor Cycle,4,Y
SERVICE ROAD OFF QUEEN ST(QUEEN/WATERLOO ST),Motor Cycle,0,Y
SHORT STREET,Motor Cycle,0,Y
SOPHIA ROAD,Motor Cycle,6,Y
TAN QUEE LAN STREET,Motor Cycle,19,Y
WATERLOO STREET,Motor Cycle,5,Y
WILKIE ROAD,Motor Cycle,12,Y
JALAN DERUM,Motor Cycle,0,Y
JALAN LEGUNDI,Motor Cycle,0,Y
JALAN TAMPANG,Motor Cycle,17,Y
SEMBAWANG DRIVE HEAVY VEHICLE PARK,Motor Cycle,0,Y
SEMBAWANG RD/ADMIRALTY RD EAST OFF STREET,Motor Cycle,15,Y
SEMBAWANG ROAD OFF STREET,Motor Cycle,12,Y
SEMBONG ROAD,Motor Cycle,0,Y
SENOKO AVENUE,Motor Cycle,0,Y
SENOKO DRIVE,Motor Cycle,0,Y
SENOKO ROAD,Motor Cycle,0,Y
SENOKO SOUTH ROAD,Motor Cycle,0,Y
SENOKO WAY,Motor Cycle,0,Y
SERVICE ROAD OFF SEMBAWANG ROAD,Motor Cycle,13,Y
SENGKANG EAST AND WEST WAY,Motor Cycle,0,Y
BACKLANE BET CLIVE STREET/MADRAS STREET,Motor Cycle,11,Y
BACKLANE BET CUFF ROAD /VEERASAMY ROAD,Motor Cycle,11,Y
BACKLANE BET DICKSON ROAD/DUNLOP STREET,Motor Cycle,6,Y
BACKLANE BET DICKSON ROAD/UPPER WELD ROAD,Motor Cycle,5,Y
BACKLANE BET HINDOO ROAD/ROWELL ROAD,Motor Cycle,4,Y
BACKLANE BET KAMPONG KAPOR/UPPER DICKSON RD,Motor Cycle,10,Y
BACKLANE BET MAYO STREET/DUNLOP STREET,Motor Cycle,5,Y
BACKLANE BET PERAK ROAD/MADRAS STREET,Motor Cycle,5,Y
BACKLANE OFF DESKER ROAD,Motor Cycle,6,Y
BACKLANE OFF ROWELL ROAD,Motor Cycle,10,Y
BACKLANE OFF SAM LEONG ROAD,Motor Cycle,13,Y
BACKLANE OFF SAM LEONG ROAD/JALAN BESAR,Motor Cycle,3,Y
BACKLANE OFF STURDEE ROAD,Motor Cycle,11,Y
BEATTY ROAD,Motor Cycle,0,Y
BEATTY ROAD OFF STREET,Motor Cycle,4,Y
BELILIOS LANE OFF STREET,Motor Cycle,0,Y
BENG WAN ROAD OFF STREET,Motor Cycle,0,Y
BIRCH ROAD,Motor Cycle,0,Y
BUFFALO ROAD SERVICE ROAD,Motor Cycle,0,Y
CAMPBELL LANE,Motor Cycle,0,Y
CHANDER ROAD,Motor Cycle,0,Y
CLIVE STREET,Motor Cycle,0,Y
CUFF ROAD,Motor Cycle,0,Y
DALHOUSIE LANE,Motor Cycle,0,Y
DESKER ROAD,Motor Cycle,0,Y
DICKSON ROAD,Motor Cycle,0,Y
DICKSON ROAD OFF STREET,Motor Cycle,6,Y
DUNLOP STREET,Motor Cycle,0,Y
FARRER PARK SQUASH & TENNIS CENTRE (SSC),Motor Cycle,25,Y
FLANDERS SQUARE,Motor Cycle,0,Y
HINDOO ROAD,Motor Cycle,7,Y
HINDOO ROAD OFF STREET,Motor Cycle,0,Y
HINDOO ROAD/KAMPONG KAPOR ROAD OFF STREET,Motor Cycle,0,Y
JALAN BESAR / BEATTY ROAD OFF STREET,Motor Cycle,5,Y
JALAN SEMERBAK,Motor Cycle,0,Y
JOO AVENUE,Motor Cycle,0,Y
KAMPONG KAPOR ROAD,Motor Cycle,10,Y
KAMPONG KAPOR ROAD OFF STREET,Motor Cycle,12,Y
KERBAU ROAD,Motor Cycle,0,Y
KINTA ROAD,Motor Cycle,0,Y
KINTA ROAD OFF STREET,Motor Cycle,11,Y
KITCHENER ROAD,Motor Cycle,0,Y
LEMBU ROAD,Motor Cycle,0,Y
MAYO STREET,Motor Cycle,0,Y
MOONSTONE LANE,Motor Cycle,0,Y
NORRIS ROAD,Motor Cycle,0,Y
OPAL CRESCENT,Motor Cycle,0,Y
OWEN ROAD (SERANGOON/ RACE COURSE ROAD),Motor Cycle,0,Y
OWEN ROAD/ DORSET ROAD / CAMBRIDGE ROAD,Motor Cycle,10,Y
PERAK ROAD,Motor Cycle,0,Y
PERUMAL ROAD,Motor Cycle,0,Y
PETAIN ROAD (SERANGOON ROAD / JALAN BESAR),Motor Cycle,0,Y
PETAIN ROAD OFF STREET,Motor Cycle,0,Y
RACE COURSE LANE,Motor Cycle,0,Y
RACE COURSE ROAD,Motor Cycle,0,Y
RACE COURSE ROAD (BET BT TIMAH / RANGOON RD),Motor Cycle,0,Y
RACE COURSE ROAD / NORTHUMBERLAND ROAD,Motor Cycle,19,Y
RANGOON LANE,Motor Cycle,0,Y
RANGOON LANE OFF STREET,Motor Cycle,0,Y
RANGOON ROAD,Motor Cycle,0,Y
ROBERTS LANE,Motor Cycle,0,Y
ROWELL ROAD,Motor Cycle,0,Y
RUBY LANE,Motor Cycle,0,Y
SAM LEONG ROAD,Motor Cycle,8,Y
SERANGOON RD(KITCHENER RD/LAVENDER ST),Motor Cycle,0,Y
SERVICE ROAD OFF JALAN KELULUT,Motor Cycle,5,Y
SING AVENUE,Motor Cycle,0,Y
SING JOO WALK,Motor Cycle,0,Y
SOMME ROAD,Motor Cycle,0,Y
ST WILFRID SPORTS COMPLEX (SSC),Motor Cycle,5,Y
STARLIGHT ROAD / TERRACE,Motor Cycle,0,Y
STURDEE ROAD,Motor Cycle,0,Y
SYED ALWI ROAD (JALAN BESAR / SERANGOON RD),Motor Cycle,17,Y
SYED ALWI ROAD(JALAN BESAR/ROCHOR CANAL RD),Motor Cycle,0,Y
TESSENSOHN ROAD,Motor Cycle,0,Y
UPPER DICKSON ROAD,Motor Cycle,0,Y
UPPER WELD ROAD,Motor Cycle,0,Y
VEERASAMY ROAD,Motor Cycle,0,Y
VERDUN ROAD,Motor Cycle,0,Y
VERDUN ROAD OFF STREET,Motor Cycle,2,Y
BACKLANE BET BOON TAT STREET/MCCALLUM STREET,Motor Cycle,60,Y
BACKLANE BET CECIL STREET/MARKET STREET,Motor Cycle,20,Y
MARINA VIEW OFF STREET,Motor Cycle,10,Y
PALMER ROAD,Motor Cycle,22,Y
PALMER ROAD OFF STREET,Motor Cycle,5,Y
PRINCE EDWARD ROAD / SHENTON WAY OFF STREET,Motor Cycle,14,Y
JURONG OUTDOOR FUTSAL CENTRE (SSC),Motor Cycle,15,Y
JURONG STADIUM (SSC),Motor Cycle,34,Y
CHANGI SOUTH LANE,Motor Cycle,0,Y
TAMPINES AVENUE 9/ AVENUE 10 HV PARK,Motor Cycle,0,Y
ANGULLIA PARK OFF STREET,Motor Cycle,83,Y
CLAYMORE HILL,Motor Cycle,25,Y
CLAYMORE ROAD,Motor Cycle,42,Y
BACKLANE BET CRAIG ROAD/DUXTON ROAD,Motor Cycle,22,Y
BACKLANE BET PECK SEAH STREET/TRAS STREET,Motor Cycle,18,Y
BACKLANE BET TRAS STREET/COOK STREET,Motor Cycle,18,Y
BACKLANE OFF COOK STREET,Motor Cycle,9,Y
BERNAM STREET,Motor Cycle,0,Y
COOK STREET,Motor Cycle,0,Y
DUXTON HILL,Motor Cycle,8,Y
DUXTON ROAD,Motor Cycle,0,Y
ENGGOR STREET,Motor Cycle,4,Y
PECK SEAH STREET,Motor Cycle,11,Y
PECK SEAH STREET OFF STREET,Motor Cycle,30,Y
TANJONG PAGAR ROAD,Motor Cycle,0,Y
TRAS STREET,Motor Cycle,11,Y
WALLICH STREET,Motor Cycle,0,Y
YAN KIT ROAD,Motor Cycle,0,Y
YAN KIT ROAD / CANTONMENT ROAD OFF ST,Motor Cycle,8,Y
AMOY STREET,Motor Cycle,10,Y
AMOY STREET OFF STREET,Motor Cycle,0,Y
BACKLANE BET BOON TAT STREET/AMOY STREET,Motor Cycle,16,Y
BACKLANE OFF AMOY STREET,Motor Cycle,8,Y
BACKLANE OFF BOON TAT STREET,Motor Cycle,13,Y
BACKLANE OFF MCCALLUM STREET,Motor Cycle,3,Y
BOON TAT STREET,Motor Cycle,4,Y
MCCALLUM STREET,Motor Cycle,0,Y
STANLEY STREET,Motor Cycle,10,Y
TELOK AYER STREET,Motor Cycle,46,Y
JALAN GELENGGANG,Motor Cycle,0,Y
JALAN KURAS,Motor Cycle,0,Y
SIN MING DRIVE,Motor Cycle,0,Y
SIN MING DRIVE OFF STREET,Motor Cycle,20,Y
SIN MING ROAD HEAVY VEHICLE PARK,Motor Cycle,0,Y
WHITLEY ROAD / THOMSON ROAD HEAVY VEH PARK,Motor Cycle,0,Y
TOA PAYOH EAST,Motor Cycle,0,Y
TOA PAYOH WEST,Motor Cycle,6,Y
23 TO 27 TUAS AVENUE 13 (JTC),Motor Cycle,31,Y
TUAS AVENUE 1,Motor Cycle,0,Y
TUAS AVENUE 11,Motor Cycle,0,Y
TUAS AVENUE 12,Motor Cycle,0,Y
TUAS AVENUE 13,Motor Cycle,0,Y
TUAS AVENUE 18A,Motor Cycle,0,Y
TUAS AVENUE 3,Motor Cycle,0,Y
TUAS AVENUE 5,Motor Cycle,0,Y
TUAS AVENUE 7,Motor Cycle,0,Y
TUAS AVENUE 9,Motor Cycle,0,Y
TUAS BASIN CLOSE,Motor Cycle,0,Y
TUAS DRIVE 1,Motor Cycle,0,Y
TUAS DRIVE 2,Motor Cycle,0,Y
TUAS LANE,Motor Cycle,0,Y
TUAS LINK 2,Motor Cycle,0,Y
TUAS LINK 4,Motor Cycle,0,Y
TUAS ROAD,Motor Cycle,0,Y
TUAS ROAD (JTC),Motor Cycle,10,Y
TUAS SOUTH AVENUE 1,Motor Cycle,0,Y
TUAS SOUTH STREET 2,Motor Cycle,0,Y
TUAS SOUTH STREET 5 (JTC),Motor Cycle,10,Y
TUAS WEST AVENUE,Motor Cycle,0,Y
KAKI BUKIT AVENUE 4,Motor Cycle,0,Y
KAKI BUKIT PLACE,Motor Cycle,0,Y
KAKI BUKIT ROAD 1,Motor Cycle,0,Y
KAKI BUKIT ROAD 2,Motor Cycle,0,Y
KAMPONG UBI INDUSTRIAL ESTATE (JTC),Motor Cycle,13,Y
KIM CHUAN ROAD,Motor Cycle,0,Y
NEW INDUSTRIAL ROAD,Motor Cycle,0,Y
TAI SENG AVENUE,Motor Cycle,10,Y
TAI SENG DRIVE,Motor Cycle,3,Y
TAI SENG STREET,Motor Cycle,10,Y
UBI AVENUE 1,Motor Cycle,0,Y
UBI AVENUE 3,Motor Cycle,0,Y
UBI AVENUE 4,Motor Cycle,25,Y
UBI CRESCENT,Motor Cycle,0,Y
UBI LINK,Motor Cycle,0,Y
UBI ROAD 1,Motor Cycle,0,Y
UBI ROAD 2,Motor Cycle,16,Y
UBI ROAD 3,Motor Cycle,0,Y
UBI ROAD 4,Motor Cycle,0,Y
UBI VIEW,Motor Cycle,0,Y
CHEONG CHIN NAM ROAD,Motor Cycle,17,Y
JALAN SEH CHUAN OFF STREET,Motor Cycle,27,Y
JALAN SEH CHUAN/LORONG KILAT OFF STREET,Motor Cycle,0,Y
LORONG KILAT,Motor Cycle,0,Y
SERVICE ROAD OFF UPPER BUKIT TIMAH ROAD,Motor Cycle,13,Y
UPPER BUKIT TIMAH ROAD,Motor Cycle,0,Y
ANCHORVALE CRESCENT HEAVY VEHICLE PARK,Motor Cycle,0,Y
ANCHORVALE ROAD,Motor Cycle,0,Y
ANCHORVALE STREET,Motor Cycle,0,Y
BACKLANE OFF FARLEIGH AVENUE,Motor Cycle,18,Y
BACKLANE OFF SERANGOON GARDEN WAY,Motor Cycle,8,Y
BRIGHTON CRESCENT,Motor Cycle,10,Y
BURGHLEY DRIVE SPORTS COMPLEX (SSC),Motor Cycle,4,Y
FARLEIGH AVENUE,Motor Cycle,0,Y
FARLEIGH AVENUE OFF STREET,Motor Cycle,0,Y
KENSINGTON PARK ROAD OFF STREET,Motor Cycle,25,Y
KENSINGTON PARK ROAD SERVICE ROAD,Motor Cycle,5,Y
KOVAN ROAD,Motor Cycle,0,Y
LIM TUA TOW ROAD,Motor Cycle,0,Y
LIM TUA TOW ROAD OFF STREET,Motor Cycle,0,Y
MAJU AVENUE,Motor Cycle,0,Y
MAJU AVENUE SERVICE ROAD,Motor Cycle,0,Y
PENSHURST PLACE,Motor Cycle,0,Y
SANDOWN PLACE,Motor Cycle,0,Y
SERANGOON GARDEN MARKET OFF STREET,Motor Cycle,32,Y
SERANGOON GARDEN WAY,Motor Cycle,0,Y
SERANGOON GARDEN WAY SERVICE ROAD,Motor Cycle,0,Y
SERANGOON SPORTS COMPLEX (SSC),Motor Cycle,20,Y
SIMON ROAD SERVICE ROAD,Motor Cycle,18,Y
SOMMERVILLE WALK,Motor Cycle,0,Y
SUNSHINE TERRACE,Motor Cycle,0,Y
TAMPINES ROAD HEAVY VEHICLE PARK,Motor Cycle,0,Y
TAMPINES ROAD/HOUGANG AVE 7 HEAVY VEH PARK,Motor Cycle,0,Y
TECK CHYE TERRACE,Motor Cycle,0,Y
UPPER SERANGOON ROAD,Motor Cycle,6,Y
UPPER SERANGOON ROAD (BARTLEY RD JUNCTION),Motor Cycle,0,Y
CASUARINA ROAD,Motor Cycle,0,Y
JALAN KURAS OFF STREET,Motor Cycle,4,Y
JALAN LEBAN SERVICE ROAD,Motor Cycle,0,Y
OLD UPPER THOMSON ROAD,Motor Cycle,0,Y
OLD UPPER THOMSON ROAD OFF STREET,Motor Cycle,0,Y
SEMBAWANG HILLS FOOD CENTRE OFF STREET,Motor Cycle,0,Y
SERVICE ROAD OFF SIN MING ROAD,Motor Cycle,0,Y
TAGORE DRIVE,Motor Cycle,0,Y
TAGORE INDUSTRIAL AVENUE,Motor Cycle,0,Y
TAGORE LANE,Motor Cycle,6,Y
TAGORE ROAD,Motor Cycle,0,Y
UPPER THOMSON ROAD,Motor Cycle,0,Y
UPPER THOMSON ROAD (LAKEVIEW ESTATE),Motor Cycle,0,Y
UPPER THOMSON ROAD OFF STREET,Motor Cycle,0,Y
15 WOODLANDS LOOP / 22 WOODLANDS LINK (JTC),Motor Cycle,283,Y
MARSILING CRESCENT,Motor Cycle,0,Y
MARSILING CRESCENT HEAVY VEHICLE PARK,Motor Cycle,0,Y
RIVERSIDE ROAD,Motor Cycle,0,Y
WOODLANDS AVE 9 (WOODLANDS AVE 8/LINK),Motor Cycle,0,Y
WOODLANDS INDUSTRIAL PARK E 1,Motor Cycle,0,Y
WOODLANDS INDUSTRIAL PARK E 3,Motor Cycle,0,Y
WOODLANDS INDUSTRIAL PARK E 5,Motor Cycle,0,Y
WOODLANDS INDUSTRIAL PARK E 6,Motor Cycle,0,Y
WOODLANDS INDUSTRIAL PARK E 8,Motor Cycle,0,Y
WOODLANDS INDUSTRIAL PARK E 9,Motor Cycle,0,Y
WOODLANDS LINK,Motor Cycle,0,Y
WOODLANDS LOOP,Motor Cycle,0,Y
WOODLANDS SECTOR 1,Motor Cycle,0,Y
WOODLANDS TERRACE,Motor Cycle,0,Y
WOODLANDS WALK,Motor Cycle,0,Y
SERVICE ROAD OFF JALAN SELASEH,Motor Cycle,5,Y
GOODLINK PARK / JALAN MATA AYER OFF STREET,Motor Cycle,7,Y
YISHUN AVENUE 1,Motor Cycle,0,Y
"YISHUN AVENUE 1 (FROM BLK 433,LOTS SL1-SL88)",Motor Cycle,0,Y
YISHUN AVENUE 7,Motor Cycle,0,Y
YISHUN AVENUE 7 HEAVY VEHICLE PARK,Motor Cycle,0,Y
YISHUN INDUSTRIAL PARK A,Motor Cycle,14,Y
YISHUN SPORTS COMPLEX (SSC),Motor Cycle,40,Y
YISHUN SWIMMING COMPLEX (SSC),Motor Cycle,6,Y
