ura_carpark_name,type_of_lot,number_of_lots
ANG MO KIO AVENUE 1 HEAVY VEHICLE PARK,Motor Car,0
ANG MO KIO STREET 62,Motor Car,15
ANG MO KIO STREET 63,Motor Car,45
ANG MO KIO STREET 64,Motor Car,11
JALAN KAYU OFF STREET,Motor Car,135
SELETAR AEROSPACE VIEW,Motor Car,34
AYER RAJAH CRESCENT,Motor Car,21
BALESTIER ROAD,Motor Car,5
BHAMO ROAD,Motor Car,9
BOON TECK ROAD,Motor Car,6
JALAN AMPAS,Motor Car,21
JALAN DUSUN,Motor Car,24
JALAN KEMAMAN,Motor Car,16
JALAN RAJA UDANG,Motor Car,16
JALAN RAMA RAMA,Motor Car,10
KIM KEAT CLOSE,Motor Car,22
LORONG AMPAS,Motor Car,6
MANDALAY ROAD,Motor Car,11
MARTABAN ROAD,Motor Car,16
MINBU ROAD,Motor Car,4
MINBU ROAD OFF STREET,Motor Car,111
PROME ROAD,Motor Car,3
SERVICE ROAD OFF BALESTIER ROAD,Motor Car,10
SHAN ROAD,Motor Car,11
SHREWSBURY ROAD,Motor Car,14
SHREWSBURY ROAD OFF STREET,Motor Car,29
TAN TOCK SENG LINK,Motor Car,12
BEDOK ROAD FOOD CENTRE OFF STREET,Motor Car,105
BEDOK SOUTH ROAD,Motor Car,0
BEDOK SPORTS COMPLEX (SSC),Motor Car,415
JALAN LANA,Motor Car,9
SERVICE ROAD OFF CHAI CHEE DRIVE,Motor Car,11
BENOI ROAD,Motor Car,43
BENOI SECTOR,Motor Car,14
BISHAN SPORTS COMPLEX (SSC),Motor Car,476
BRADDELL ROAD HEAVY VEHICLE PARK,Motor Car,0
JALAN BINCHANG,Motor Car,5
JALAN PEMIMPIN,Motor Car,21
SIN MING WALK,Motor Car,17
BACKLANE BET LORONG TELOK/CIRCULAR ROAD,Motor Car,0
BACKLANE BET NORTH CANAL ROAD/CIRCULAR RD,Motor Car,0
BACKLANE BET SYNAGOGUE STREET/CHURCH STREET,Motor Car,0
BACKLANE OFF SYNAGOGUE STREET,Motor Car,0
CIRCULAR ROAD,Motor Car,35
LORONG TELOK,Motor Car,25
PHILLIP STREET,Motor Car,24
BUKIT BATOK EAST AVENUE 2 HV PARK,Motor Car,0
BUKIT BATOK NATURE PARK OFF STREET,Motor Car,107
BUKIT BATOK ROAD / JURONG ROAD OFF STREET,Motor Car,30
BUKIT BATOK SWIMMING COMPLEX (SSC),Motor Car,20
HILLVIEW TERRACE,Motor Car,27
DELTA SPORTS COMPLEX (SSC),Motor Car,124
MARITIME SQUARE D OFF STREET,Motor Car,258
PRINCE PHILIP AVENUE,Motor Car,60
SEAH IM ROAD OFF STREET,Motor Car,436
TELOK BLANGAH DRIVE HEAVY VEHICLE PARK,Motor Car,0
TELOK BLANGAH HEIGHTS,Motor Car,0
TELOK BLANGAH STREET 31,Motor Car,0
TIONG BAHRU PARK OFF STREET,Motor Car,20
ADAM ROAD / DUNEARN CLOSE OFF STREET,Motor Car,12
ADAM ROAD FOOD CENTRE OFF STREET,Motor Car,63
ANAMALAI AVENUE,Motor Car,12
ANTHONY ROAD OFF STREET,Motor Car,52
BUKIT TIMAH LINK OFF STREET,Motor Car,29
BUKIT TIMAH MARKET OFF STREET,Motor Car,125
BUKIT TIMAH ROAD,Motor Car,11
CAIRNHILL ROAD SERVICE ROAD,Motor Car,12
CLEMENCEAU AVENUE,Motor Car,15
CLEMENCEAU AVENUE NORTH (NEWTON FC),Motor Car,243
CORONATION WALK,Motor Car,10
DAIRY FARM ROAD / PETIR ROAD HV PARK,Motor Car,0
DUNEARN CLOSE,Motor Car,24
KAMPONG JAVA FRINGE CAR PARK,Motor Car,183
KAMPONG JAVA ROAD,Motor Car,24
MAKEWAY AVENUE,Motor Car,11
PRINCE OF WALES ROAD,Motor Car,23
PRINCESS OF WALES ROAD,Motor Car,3
SIXTH AVENUE,Motor Car,21
STEVENS ROAD,Motor Car,9
3 CHANGI SOUTH AVENUE 4 (JTC),Motor Car,20
"BLK 20,22,24,26,28,30 CHANGI NORTH WAY (JTC)",Motor Car,97
"BLK 49,51,55,61,65 CHANGI NORTH CRES(JTC)",Motor Car,87
CHANGI BEACH PARK CP 1,Motor Car,66
CHANGI BEACH PARK CP 2,Motor Car,21
CHANGI BEACH PARK CP 3,Motor Car,37
CHANGI BEACH PARK CP 4,Motor Car,79
CHANGI BEACH PARK CP 5,Motor Car,39
CHANGI BEACH PARK CP 6,Motor Car,33
CHANGI NORTH CRESCENT,Motor Car,18
CHANGI NORTH RISE,Motor Car,13
CHANGI NORTH STREET 1,Motor Car,14
CHANGI NORTH STREET 2,Motor Car,9
CHANGI ROAD (BET JALAN KEMBANGAN/STILL ROAD),Motor Car,61
CHANGI ROAD (BET JOO CHIAT ROAD/STILL ROAD),Motor Car,61
CHANGI ROAD / JALAN WAKAFF OFF STREET,Motor Car,15
CHANGI ROAD OFF STREET,Motor Car,38
CHANGI ROAD SERVICE ROAD,Motor Car,38
CHANGI SOUTH AVENUE 2,Motor Car,12
CHANGI SOUTH AVENUE 4,Motor Car,28
CHANGI SOUTH STREET 1,Motor Car,58
CHANGI SOUTH STREET 2,Motor Car,77
CHANGI VILLAGE ROAD,Motor Car,21
EVERITT ROAD NORTH,Motor Car,14
JALAN LAPANG,Motor Car,6
JALAN MASJID,Motor Car,20
JALAN UBI,Motor Car,5
KAMPONG EUNOS,Motor Car,4
LANGSAT ROAD,Motor Car,5
LORONG 102 CHANGI,Motor Car,3
LORONG 104 CHANGI,Motor Car,11
LORONG 105 CHANGI,Motor Car,3
LORONG 106 CHANGI,Motor Car,3
LORONG 107 CHANGI,Motor Car,13
LORONG 108 CHANGI,Motor Car,11
LORONG BEKUKONG OFF STREET,Motor Car,167
LORONG MARICAN,Motor Car,10
LORONG MARZUKI,Motor Car,16
LORONG MELAYU,Motor Car,9
LORONG MYDIN,Motor Car,3
LORONG MYDIN OFF STREET,Motor Car,23
LORONG SARINA,Motor Car,8
NETHERAVON ROAD,Motor Car,16
SERVICE ROAD OFF JALAN MASJID,Motor Car,8
SIMS AVENUE (PAYA LEBAR RD/EUNOS RD),Motor Car,20
UPPER CHANGI ROAD / BEDOK ROAD OFF STREET,Motor Car,51
45 QUALITY ROAD (JTC),Motor Car,47
CHIA PING ROAD,Motor Car,20
CHIN BEE DRIVE,Motor Car,31
CHIN BEE ROAD,Motor Car,55
FOURTH CHIN BEE ROAD,Motor Car,0
JALAN BESUT,Motor Car,12
JALAN TUKANG,Motor Car,42
JOO YEE ROAD,Motor Car,14
LINK ROAD,Motor Car,23
QUALITY ROAD,Motor Car,30
SECOND CHIN BEE ROAD,Motor Car,8
SERVICE ROAD OFF QUALITY ROAD,Motor Car,36
THIRD CHIN BEE ROAD,Motor Car,41
CHOA CHU KANG WAY,Motor Car,0
SERVICE ROAD OFF CHOA CHU KANG AVE 1,Motor Car,42
STAGMONT RING HEAVY VEHICLE PARK,Motor Car,0
WOODLANDS ROAD LORRY PARK,Motor Car,0
BACKLANE BET ONAN ROAD / JOO CHIAT ROAD,Motor Car,0
CEYLON LANE,Motor Car,6
CEYLON ROAD,Motor Car,27
CRANE ROAD,Motor Car,4
DUNMAN ROAD FOOD CENTRE OFF STREET,Motor Car,10
EAN KIAM PLACE,Motor Car,26
EAST COAST PARK E1 OFF STREET,Motor Car,549
EAST COAST PARK E2 OFF STREET,Motor Car,353
EAST COAST PARK E3 OFF STREET,Motor Car,42
EAST COAST PARK SERVICE ROAD,Motor Car,0
EAST COAST ROAD (BET FRANKEL AVE/SIGLAP RD),Motor Car,7
EAST COAST ROAD (BET SIGLAP RD/JALAN JAMAL),Motor Car,5
EAST COAST ROAD (HAIG ROAD/TELOK KURAU ROAD),Motor Car,71
EVERITT ROAD,Motor Car,24
FORT ROAD/EAST COAST PARK HV PARK,Motor Car,30
JAGO CLOSE,Motor Car,5
JOO CHIAT LANE,Motor Car,10
JOO CHIAT PLACE,Motor Car,49
JOO CHIAT ROAD (CHANGI ROAD/EAST COAST ROAD),Motor Car,110
JOO CHIAT ROAD OFF STREET,Motor Car,99
JOO CHIAT TERRACE (JOO CHIAT RD/TEMBELING RD),Motor Car,28
LORONG 101 CHANGI,Motor Car,19
MARSHALL ROAD,Motor Car,37
ONAN ROAD,Motor Car,57
ONAN ROAD / JOO CHIAT ROAD OFF STREET,Motor Car,20
ONAN ROAD OFF STREET,Motor Car,15
PENNEFATHER ROAD,Motor Car,5
SERVICE ROAD OFF JOO CHIAT ROAD,Motor Car,12
SERVICE ROAD OFF ONAN ROAD,Motor Car,2
SERVICE ROAD OFF UPPER EAST COAST ROAD,Motor Car,14
SIGLAP LINK,Motor Car,0
TANJONG KATONG RD OFF ST (OPP WILKINSON RD),Motor Car,33
TANJONG KATONG ROAD OFF STREET,Motor Car,123
TELOK KURAU ROAD,Motor Car,22
TEMBELING ROAD,Motor Car,68
TEMBELING ROAD OFF STREET,Motor Car,200
UPPER EAST COAST ROAD OFF STREET,Motor Car,133
ALJUNIED ROAD OFF STREET,Motor Car,13
AROOZOO AVENUE,Motor Car,9
CEYLON ROAD OFF STREET,Motor Car,24
GEYLANG EAST SERVICE ROAD,Motor Car,6
GEYLANG EAST SWIMMING COMPLEX (SSC),Motor Car,14
GEYLANG ROAD,Motor Car,168
GUILLEMARD ROAD,Motor Car,8
JALAN AYER,Motor Car,9
KAMPONG BUGIS,Motor Car,16
KAMPONG BUGIS OFF STREET,Motor Car,29
LORONG 1 GEYLANG ROAD OFF STREET,Motor Car,65
LORONG 11 GEYLANG,Motor Car,22
LORONG 12 GEYLANG,Motor Car,19
LORONG 13 GEYLANG,Motor Car,20
LORONG 14 GEYLANG,Motor Car,44
LORONG 15 GEYLANG,Motor Car,22
LORONG 16 GEYLANG,Motor Car,12
LORONG 17 GEYLANG,Motor Car,27
LORONG 18 GEYLANG,Motor Car,8
LORONG 19 GEYLANG,Motor Car,38
LORONG 20 GEYLANG,Motor Car,12
LORONG 21 GEYLANG,Motor Car,25
LORONG 21 GEYLANG / GEYLANG ROAD OFF ST,Motor Car,29
LORONG 21 GEYLANG OFF STREET,Motor Car,35
LORONG 21A GEYLANG,Motor Car,8
LORONG 23 GEYLANG,Motor Car,57
LORONG 24 GEYLANG,Motor Car,20
LORONG 24A GEYLANG,Motor Car,53
LORONG 25 GEYLANG,Motor Car,37
LORONG 25/25A GEYLANG OFF STREET,Motor Car,105
LORONG 25A GEYLANG,Motor Car,29
LORONG 26 GEYLANG,Motor Car,12
LORONG 27 GEYLANG,Motor Car,26
LORONG 27A GEYLANG,Motor Car,19
LORONG 28 GEYLANG,Motor Car,38
LORONG 28 SERVICE ROAD GEYLANG,Motor Car,5
LORONG 29 GEYLANG,Motor Car,24
LORONG 3 GEYLANG,Motor Car,4
LORONG 30 GEYLANG,Motor Car,19
LORONG 31 GEYLANG,Motor Car,18
LORONG 31 GEYLANG OFF STREET,Motor Car,51
LORONG 32 GEYLANG,Motor Car,25
LORONG 33 GEYLANG,Motor Car,14
LORONG 34 GEYLANG,Motor Car,22
LORONG 35 GEYLANG,Motor Car,14
LORONG 36 GEYLANG,Motor Car,20
LORONG 36 GEYLANG OFF STREET,Motor Car,11
LORONG 37 GEYLANG,Motor Car,19
LORONG 37 GEYLANG OFF STREET,Motor Car,28
LORONG 38 GEYLANG,Motor Car,11
LORONG 39 GEYLANG,Motor Car,19
LORONG 39 SERVICE ROAD GEYLANG,Motor Car,5
LORONG 4 GEYLANG,Motor Car,13
LORONG 40 GEYLANG,Motor Car,21
LORONG 41 GEYLANG,Motor Car,44
LORONG 6 GEYLANG,Motor Car,26
LORONG 7 GEYLANG,Motor Car,12
LORONG 8 GEYLANG,Motor Car,31
LORONG 9 GEYLANG,Motor Car,11
LORONG 9/11 GEYLANG OFF STREET,Motor Car,56
LORONG BACHOK,Motor Car,13
LORONG BACHOK OFF STREET,Motor Car,25
LORONG TAHAR,Motor Car,2
SERVICE ROAD OFF LORONG 44 GEYLANG,Motor Car,5
SIMS AVENUE (BET LOR 3 GEYLANG/PAYA LEBAR RD),Motor Car,132
SIMS AVENUE SERVICE ROAD,Motor Car,16
SIMS PLACE,Motor Car,43
TALMA ROAD,Motor Car,15
TANJONG KATONG COMPLEX,Motor Car,378
WESTERHOUT ROAD,Motor Car,6
GUL AVENUE,Motor Car,46
GUL CIRCLE,Motor Car,39
GUL CRESCENT,Motor Car,8
GUL DRIVE,Motor Car,39
GUL LANE,Motor Car,21
GUL ROAD,Motor Car,99
GUL STREET 1,Motor Car,4
GUL STREET 2,Motor Car,6
GUL STREET 3,Motor Car,16
GUL STREET 4,Motor Car,10
GUL STREET 5,Motor Car,9
DELTA CIRCUS FRINGE CAR PARK,Motor Car,74
HAVELOCK ROAD,Motor Car,40
OUTRAM HILL,Motor Car,11
OUTRAM ROAD,Motor Car,27
OUTRAM ROAD OFF STREET,Motor Car,39
PEARL BANK OFF STREET,Motor Car,22
ARMENIAN ST / CANNING RISE OFF ST CAR PARK,Motor Car,43
ARMENIAN STREET,Motor Car,10
ARMENIAN STREET OFF STREET,Motor Car,52
CANNING RISE OFF STREET,Motor Car,37
FORT CANNING PARK A OFF STREET,Motor Car,42
FORT CANNING PARK B OFF STREET,Motor Car,39
FORT CANNING PARK C OFF STREET,Motor Car,58
HOLLAND DR/NORTH BOUNA VISTA RD OFF STREET,Motor Car,84
HOLLAND DRIVE OFF STREET,Motor Car,271
JALAN HITAM MANIS,Motor Car,19
JALAN KELABU ASAP,Motor Car,18
JALAN KUNING,Motor Car,4
JALAN MERAH SAGA,Motor Car,30
JALAN PUTEH JERNEH,Motor Car,4
JALAN RUMIA,Motor Car,29
WARNA ROAD,Motor Car,15
WARNA ROAD OFF STREET,Motor Car,42
ALIWAL STREET,Motor Car,69
ALLENBY ROAD,Motor Car,16
BABOO LANE,Motor Car,0
BACKLANE BET KELANTAN LANE/KELANTAN ROAD,Motor Car,0
BACKLANE BET KITCHENER ROAD/PLUMER ROAD,Motor Car,0
BACKLANE BET TOWNSHEND ROAD/JALAN BESAR,Motor Car,0
BACKLANE OFF CAVAN ROAD,Motor Car,0
BACKLANE OFF JALAN BERSEH,Motor Car,0
BEATTY LANE,Motor Car,15
CAVAN ROAD,Motor Car,13
FOCH ROAD,Motor Car,37
HAMILTON ROAD,Motor Car,54
HAMILTON ROAD OFF STREET,Motor Car,22
HORNE ROAD,Motor Car,34
JALAN BERSEH,Motor Car,34
JALAN BESAR,Motor Car,37
JALAN BESAR SPORTS COMPLEX (SSC),Motor Car,340
JELLICOE ROAD,Motor Car,10
KALLANG ROAD/CRAWFORD STREET OFF STREET,Motor Car,201
KELANTAN LANE,Motor Car,21
KELANTAN ROAD,Motor Car,72
KING GEORGE'S AVENUE OFF STREET,Motor Car,22
KING GEORGE'S AVENUE/ HORNE ROAD OFF STREET,Motor Car,60
MAUDE ROAD,Motor Car,31
PENHAS ROAD,Motor Car,23
PENHAS ROAD / LAVENDER STREET OFF STREET,Motor Car,29
PETAIN ROAD (JALAN BESAR / TYRWHITT ROAD),Motor Car,4
PLUMER ROAD,Motor Car,11
SERVICE ROAD BET HAMILTON RD/CAVAN RD,Motor Car,11
SERVICE ROAD BETWEEN PETAIN RD/ALLENBY RD,Motor Car,3
SERVICE ROAD OFF KING GEORGE'S AVENUE,Motor Car,21
SERVICE ROAD OFF PENHAS ROAD,Motor Car,9
SUNGEI ROAD OFF STREET,Motor Car,195
SUNGEI ROAD(WELD ROAD/ KELANTAN ROAD),Motor Car,7
TOWNSHEND ROAD,Motor Car,18
TYRWHITT ROAD,Motor Car,32
JOO KOON CIRCLE,Motor Car,42
JOO KOON CRESCENT,Motor Car,26
JOO KOON ROAD,Motor Car,15
JOO KOON WAY,Motor Car,30
SCIENCE CENTRE ROAD,Motor Car,34
TOH GUAN ROAD,Motor Car,5
BOON LAY SWIMMING COMPLEX (SSC),Motor Car,44
BULIM AVENUE HVP,Motor Car,0
JALAN BAHAR HEAVY VEHICLE PARK,Motor Car,8
32 TO 53 KALLANG PLACE (JTC),Motor Car,52
ALJUNIED ROAD (MINOR),Motor Car,19
BENDEMEER ROAD HEAVY VEHICLE PARK,Motor Car,19
GENTING LANE,Motor Car,44
GENTING LANE OFF STREET,Motor Car,40
GENTING LINK,Motor Car,2
GENTING ROAD,Motor Car,26
JALAN LEMBAH KALLANG,Motor Car,8
KALLANG AVENUE,Motor Car,80
KALLANG BAHRU,Motor Car,5
KALLANG BASIN SWIMMING COMPLEX (SSC),Motor Car,25
KALLANG SECTOR,Motor Car,48
KALLANG WAY,Motor Car,6
KALLANG WAY 1,Motor Car,7
KALLANG WAY 2A,Motor Car,17
KEMPAS ROAD,Motor Car,26
LORONG BAKAR BATU,Motor Car,50
LORONG PENDEK,Motor Car,4
SERVICE ROAD OFF GENTING LANE,Motor Car,6
SOON WING ROAD,Motor Car,10
TANNERY LANE,Motor Car,37
KALLANG SPORTS COMPLEX CAR PARK 4(SSC),Motor Car,694
KALLANG SPORTS COMPLEX CAR PARK 5(SSC),Motor Car,1473
KATONG SWIMMING POOL (SSC),Motor Car,21
OLD AIRPORT ROAD,Motor Car,16
WILKINSON ROAD,Motor Car,10
BACKLANE OFF BLAIR RD/ SPOTTISWOODE PARK ROAD,Motor Car,0
BLAIR ROAD,Motor Car,42
EVERTON ROAD,Motor Car,13
HOSPITAL DRIVE CAR PARK B OFF STREET,Motor Car,88
KEPPEL ROAD OFF STREET,Motor Car,105
SERVICE ROAD OFF EVERTON ROAD,Motor Car,6
SPOTTISWOODE PARK ROAD,Motor Car,10
ARAB STREET,Motor Car,95
BACKLANE BET ARAB STREET/JALAN PINANG,Motor Car,0
BACKLANE BET BAGHDAD STREET/MUSCAT STREET,Motor Car,0
BACKLANE BET JALAN SULTAN/ALIWAL STREET,Motor Car,0
BACKLANE OFF BAGHDAD STREET,Motor Car,0
BACKLANE OFF NORTH BRIDGE ROAD,Motor Car,0
BAGHDAD STREET,Motor Car,21
BAGHDAD STREET OFF STREET,Motor Car,22
BALI LANE,Motor Car,6
BEACH ROAD,Motor Car,15
BUSSORAH STREET,Motor Car,13
JALAN KLAPA,Motor Car,16
JALAN KLEDEK,Motor Car,8
JALAN KLEDEK OFF STREET,Motor Car,6
JALAN KUBOR (NORTH BRIDGE RD/VICTORIA ST),Motor Car,15
JALAN KUBOR (VICTORIA ST/ROCHOR CANAL RD),Motor Car,30
JALAN PINANG,Motor Car,10
JALAN PISANG,Motor Car,6
JALAN SULTAN,Motor Car,23
KANDAHAR STREET,Motor Car,47
NORTH BRIDGE ROAD (ARAB/JALAN SULTAN),Motor Car,32
NORTH BRIDGE ROAD MARKET OFF STREET,Motor Car,56
NORTH BRIDGE ROAD OFF STREET,Motor Car,92
PAHANG STREET,Motor Car,26
PAHANG STREET OFF STREET,Motor Car,32
SERVICE ROAD OFF ALIWAL STREET,Motor Car,7
SULTAN GATE,Motor Car,25
SULTAN GATE / ALIWAL STREET COACH PARK,Motor Car,0
SULTAN GATE / ALIWAL STREET OFF STREET,Motor Car,53
231-287 KRANJI ROAD (JTC),Motor Car,90
SUNGEI KADUT AVENUE,Motor Car,7
SUNGEI KADUT CRESCENT,Motor Car,9
SUNGEI KADUT DRIVE,Motor Car,38
SUNGEI KADUT LOOP,Motor Car,11
SUNGEI KADUT STREET 1,Motor Car,59
SUNGEI KADUT STREET 3,Motor Car,22
SUNGEI KADUT WAY,Motor Car,56
ANN SIANG ROAD,Motor Car,26
BACKLANE BET ANN SIANG ROAD/ERSKINE ROAD,Motor Car,0
BACKLANE BET CARPENTER /UPPER CIRCULAR ROAD,Motor Car,0
BACKLANE BET HONGKONG ST/CARPENTER STREET,Motor Car,0
BACKLANE BET JIAK CHUAN RD/TECK LIM ROAD,Motor Car,0
BACKLANE BET KEONG SAIK ROAD/NEIL ROAD,Motor Car,0
BACKLANE BET KEONG SAIK/NEW BRIDGE ROAD,Motor Car,0
BACKLANE BET TEMPLE STREET/PAGODA STREET,Motor Car,0
BACKLANE BET TEMPLE STREET/SMITH STREET,Motor Car,0
BACKLANE BET UPPER CROSS ST/MOSQUE STREET,Motor Car,0
BACKLANE OFF BUKIT PASOH ROAD,Motor Car,0
BACKLANE OFF GEMMILL LANE,Motor Car,0
BACKLANE OFF KEONG SAIK ROAD,Motor Car,0
BACKLANE OFF MOHD ALI LANE/ANN SIANG HILL,Motor Car,0
BACKLANE OFF SMITH STREET,Motor Car,0
BACKLANE OFF TECK LIM ROAD,Motor Car,0
BANDA STREET,Motor Car,11
BANDA STREET / SAGO LANE OFF STREET,Motor Car,60
BUKIT PASOH ROAD,Motor Car,43
CARPENTER STREET,Motor Car,35
CARPENTER STREET OFF STREET,Motor Car,69
CLUB STREET,Motor Car,29
CLUB STREET OFF STREET,Motor Car,87
DUXTON HILL OFF STREET,Motor Car,58
GEMMILL LANE,Motor Car,7
HONG KONG STREET,Motor Car,29
HONG LIM PARK OFF STREET,Motor Car,23
JIAK CHUAN ROAD,Motor Car,14
KEONG SAIK ROAD,Motor Car,68
MND COMPLEX (BASEMENT),Motor Car,506
MND COMPLEX (SURFACE),Motor Car,103
MOSQUE STREET,Motor Car,61
NEIL ROAD,Motor Car,7
NEIL ROAD OFF STREET,Motor Car,15
NEW MARKET ROAD,Motor Car,4
NORTH CANAL ROAD,Motor Car,24
TECK LIM ROAD,Motor Car,14
TEMPLE STREET,Motor Car,61
TEO HONG ROAD,Motor Car,17
TEO HONG ROAD / NEW BRIDGE ROAD OFF STREET,Motor Car,31
UPPER CIRCULAR ROAD,Motor Car,22
UPPER HOKKIEN STREET,Motor Car,31
FIFTH LOK YANG ROAD,Motor Car,14
FIRST LOK YANG ROAD,Motor Car,44
FOURTH LOK YANG ROAD,Motor Car,23
LOK YANG WAY,Motor Car,119
NEYTHAL ROAD,Motor Car,55
SECOND LOK YANG ROAD,Motor Car,22
SIXTH LOK YANG ROAD,Motor Car,21
THIRD LOK YANG ROAD,Motor Car,30
LOYANG CRESCENT,Motor Car,34
BURN ROAD,Motor Car,15
CIRCUIT ROAD,Motor Car,67
HAPPY AVENUE NORTH,Motor Car,11
HARRISON ROAD,Motor Car,6
HARVEY ROAD,Motor Car,8
HOWARD ROAD,Motor Car,9
IRVING PLACE,Motor Car,14
IRVING ROAD,Motor Car,6
JALAN ANGGEREK,Motor Car,21
JALAN MESIN,Motor Car,8
JOO SENG ROAD,Motor Car,20
KAMPONG AMPAT,Motor Car,14
LITTLE ROAD,Motor Car,6
MACPHERSON ROAD,Motor Car,28
MACTAGGART ROAD,Motor Car,10
PHENG GECK AVENUE,Motor Car,32
PUAY HEE AVENUE,Motor Car,11
SERVICE ROAD OFF MACPHERSON ROAD,Motor Car,28
SHAW ROAD,Motor Car,15
SIAK KEW AVENUE,Motor Car,4
SIANG KUANG AVENUE,Motor Car,13
TAI THONG CRESCENT,Motor Car,39
UPPER ALJUNIED LINK OFF-ST,Motor Car,15
UPPER PAYA LEBAR ROAD SERVICE ROAD,Motor Car,11
BAYFRONT AVENUE OFF STREET,Motor Car,251
DEVONSHIRE ROAD,Motor Car,9
DUBLIN ROAD,Motor Car,7
EMERALD HILL ROAD,Motor Car,31
EMERALD LINK,Motor Car,16
GRANGE ROAD / SOMERSET ROAD OFF STREET,Motor Car,118
HULLET ROAD,Motor Car,4
HULLET ROAD OFF STREET,Motor Car,26
KILLINEY ROAD,Motor Car,27
LLOYD ROAD,Motor Car,14
PENANG LANE,Motor Car,16
PENANG ROAD OFF STREET,Motor Car,19
SAUNDERS ROAD,Motor Car,33
PANDAN AVENUE,Motor Car,16
PANDAN CRESCENT,Motor Car,8
PANDAN GARDENS,Motor Car,0
PANDAN LOOP,Motor Car,60
PANDAN ROAD,Motor Car,91
TEBAN GARDENS CRESCENT,Motor Car,106
CLEMENTI STADIUM (SSC),Motor Car,26
JALAN MAS KUNING,Motor Car,25
JALAN MAS PUTEH,Motor Car,23
JALAN PELEPAH OFF STREET,Motor Car,54
NEO PEE TECK LANE,Motor Car,4
PASIR PANJANG FOOD CENTRE (TEMP) OFF ST,Motor Car,76
PASIR PANJANG FOOD CENTRE OFF STREET,Motor Car,61
PASIR PANJANG ROAD,Motor Car,7
PASIR PANJANG ROAD / LABRADOR VILLA ROAD,Motor Car,24
PASIR PANJANG ROAD / SOUTH BUONA VISTA ROAD,Motor Car,26
PASIR PANJANG ROAD OFF STREET,Motor Car,22
PASIR PANJANG ROAD/ CLEMENTI ROAD OFF ST,Motor Car,48
PEPYS ROAD OFF STREET,Motor Car,32
TAMAN MAS MERAH,Motor Car,13
WEST COAST PARK 1 OFF STREET,Motor Car,58
WISHART ROAD,Motor Car,38
LOYANG DRIVE,Motor Car,30
LOYANG LANE,Motor Car,26
LOYANG STREET,Motor Car,18
LOYANG WAY,Motor Car,69
LOYANG WAY 1,Motor Car,10
PASIR RIS CLOSE OFF STREET,Motor Car,302
PASIR RIS DRIVE 1 HEAVY VEHICLE PARK,Motor Car,0
PASIR RIS PARK CAR PARK E OFF STREET,Motor Car,27
TAMPINES INDUSTRIAL AVENUE 3,Motor Car,18
PENJURU CLOSE,Motor Car,11
TANJONG PENJURU CRESCENT,Motor Car,11
JALAN SAMULUN OFF STREET (JTC),Motor Car,30
PIONEER SECTOR 1,Motor Car,121
PIONEER SECTOR 2,Motor Car,77
PIONEER SECTOR 3,Motor Car,18
PIONEER SECTOR WALK,Motor Car,29
SERVICE ROAD OFF TEBING LANE,Motor Car,22
TEBING LANE,Motor Car,10
CHANG CHARN ROAD,Motor Car,13
HOY FATT ROAD,Motor Car,3
JALAN PENJARA,Motor Car,17
JALAN PENJARA OFF STREET,Motor Car,43
KUNG CHONG ROAD,Motor Car,33
LENG KEE ROAD,Motor Car,26
MARGARET DRIVE OFF STREET,Motor Car,52
QUEEN'S CRESCENT HEAVY VEHICLE PARK,Motor Car,0
QUEENSTOWN SPORTS COMPLEX (SSC),Motor Car,18
QUEENSWAY OFF STREET ( RIDEOUT TEA GARDEN),Motor Car,71
TANGLIN HALT CLOSE,Motor Car,37
CLEMENCEAU AVENUE OFF STREET,Motor Car,31
KELLOCK ROAD,Motor Car,28
KIM YAM ROAD,Motor Car,28
MARTIN PLACE/ MUTHURAMAN CHETTY ROAD,Motor Car,25
MOHAMED SULTAN ROAD,Motor Car,88
MOHD SULTAN ROAD/RIVER VALLEY ROAD OFF STREET,Motor Car,18
RIVER VALLEY ROAD(BET TANK RD/ZION RD),Motor Car,3
SERVICE ROAD OFF ZION ROAD,Motor Car,21
TAN TYE PLACE,Motor Car,0
TANK ROAD,Motor Car,18
UNITY STREET,Motor Car,20
ZION CLOSE,Motor Car,8
ZION ROAD,Motor Car,25
ZION ROAD OFF STREET,Motor Car,12
BACKLANE BET MIDDLE ROAD/LIANG SEAH STREET,Motor Car,0
BACKLANE OFF PURVIS STREET,Motor Car,0
BACKLANE OFF SEAH STREET,Motor Car,0
CHENG YAN PLACE,Motor Car,4
LIANG SEAH STREET,Motor Car,48
LIANG SEAH STREET OFF STREET,Motor Car,50
MACKENZIE ROAD,Motor Car,6
MACKENZIE ROAD A OFF STREET,Motor Car,111
MACKENZIE ROAD B OFF STREET,Motor Car,82
MACKENZIE ROAD C OFF STREET,Motor Car,6
MANILA STREET,Motor Car,6
MAYNE ROAD,Motor Car,6
MIDDLE ROAD OFF STREET,Motor Car,13
MOUNT EMILY ROAD,Motor Car,2
NIVEN ROAD,Motor Car,15
PRINSEP STREET (MIDDLE/ROCHOR CANAL),Motor Car,47
PURVIS STREET,Motor Car,44
QUEEN STREET,Motor Car,6
QUEEN STREET (ARAB STREET / ROCHOR ROAD),Motor Car,22
QUEEN STREET / ROCHOR ROAD OFF STREET,Motor Car,189
QUEEN STREET OFF STREET,Motor Car,91
SEAH STREET,Motor Car,8
SERVICE ROAD OFF QUEEN ST(QUEEN/WATERLOO ST),Motor Car,8
SHORT STREET,Motor Car,18
SOPHIA ROAD,Motor Car,5
TAN QUEE LAN STREET,Motor Car,73
WATERLOO STREET,Motor Car,13
WILKIE ROAD,Motor Car,16
JALAN DERUM,Motor Car,2
JALAN LEGUNDI,Motor Car,24
JALAN TAMPANG,Motor Car,19
SEMBAWANG DRIVE HEAVY VEHICLE PARK,Motor Car,0
SEMBAWANG RD/ADMIRALTY RD EAST OFF STREET,Motor Car,39
SEMBAWANG ROAD OFF STREET,Motor Car,75
SEMBONG ROAD,Motor Car,3
SENOKO AVENUE,Motor Car,26
SENOKO DRIVE,Motor Car,40
SENOKO ROAD,Motor Car,25
SENOKO SOUTH ROAD,Motor Car,26
SENOKO WAY,Motor Car,31
SERVICE ROAD OFF SEMBAWANG ROAD,Motor Car,5
SENGKANG EAST AND WEST WAY,Motor Car,0
BACKLANE BET CLIVE STREET/MADRAS STREET,Motor Car,0
BACKLANE BET CUFF ROAD /VEERASAMY ROAD,Motor Car,0
BACKLANE BET DICKSON ROAD/DUNLOP STREET,Motor Car,0
BACKLANE BET DICKSON ROAD/UPPER WELD ROAD,Motor Car,0
BACKLANE BET HINDOO ROAD/ROWELL ROAD,Motor Car,0
BACKLANE BET KAMPONG KAPOR/UPPER DICKSON RD,Motor Car,0
BACKLANE BET MAYO STREET/DUNLOP STREET,Motor Car,0
BACKLANE BET PERAK ROAD/MADRAS STREET,Motor Car,0
BACKLANE OFF DESKER ROAD,Motor Car,0
BACKLANE OFF ROWELL ROAD,Motor Car,0
BACKLANE OFF SAM LEONG ROAD,Motor Car,0
BACKLANE OFF SAM LEONG ROAD/JALAN BESAR,Motor Car,0
BACKLANE OFF STURDEE ROAD,Motor Car,0
BEATTY ROAD,Motor Car,32
BEATTY ROAD OFF STREET,Motor Car,17
BELILIOS LANE OFF STREET,Motor Car,35
BENG WAN ROAD OFF STREET,Motor Car,41
BIRCH ROAD,Motor Car,17
BUFFALO ROAD SERVICE ROAD,Motor Car,18
CAMPBELL LANE,Motor Car,9
CHANDER ROAD,Motor Car,14
CLIVE STREET,Motor Car,16
CUFF ROAD,Motor Car,40
DALHOUSIE LANE,Motor Car,4
DESKER ROAD,Motor Car,87
DICKSON ROAD,Motor Car,40
DICKSON ROAD OFF STREET,Motor Car,43
DUNLOP STREET,Motor Car,55
FARRER PARK SQUASH & TENNIS CENTRE (SSC),Motor Car,48
FLANDERS SQUARE,Motor Car,12
HINDOO ROAD,Motor Car,36
HINDOO ROAD OFF STREET,Motor Car,12
HINDOO ROAD/KAMPONG KAPOR ROAD OFF STREET,Motor Car,13
JALAN BESAR / BEATTY ROAD OFF STREET,Motor Car,45
JALAN SEMERBAK,Motor Car,5
JOO AVENUE,Motor Car,28
KAMPONG KAPOR ROAD,Motor Car,26
KAMPONG KAPOR ROAD OFF STREET,Motor Car,57
KERBAU ROAD,Motor Car,11
KINTA ROAD,Motor Car,8
KINTA ROAD OFF STREET,Motor Car,122
KITCHENER ROAD,Motor Car,12
LEMBU ROAD,Motor Car,19
MAYO STREET,Motor Car,35
MOONSTONE LANE,Motor Car,30
NORRIS ROAD,Motor Car,26
OPAL CRESCENT,Motor Car,46
OWEN ROAD (SERANGOON/ RACE COURSE ROAD),Motor Car,2
OWEN ROAD/ DORSET ROAD / CAMBRIDGE ROAD,Motor Car,13
PERAK ROAD,Motor Car,11
PERUMAL ROAD,Motor Car,8
PETAIN ROAD (SERANGOON ROAD / JALAN BESAR),Motor Car,62
PETAIN ROAD OFF STREET,Motor Car,15
RACE COURSE LANE,Motor Car,7
RACE COURSE ROAD,Motor Car,68
RACE COURSE ROAD (BET BT TIMAH / RANGOON RD),Motor Car,36
RACE COURSE ROAD / NORTHUMBERLAND ROAD,Motor Car,126
RANGOON LANE,Motor Car,3
RANGOON LANE OFF STREET,Motor Car,22
RANGOON ROAD,Motor Car,77
ROBERTS LANE,Motor Car,39
ROWELL ROAD,Motor Car,89
RUBY LANE,Motor Car,19
SAM LEONG ROAD,Motor Car,46
SERANGOON RD(KITCHENER RD/LAVENDER ST),Motor Car,46
SERVICE ROAD OFF JALAN KELULUT,Motor Car,27
SING AVENUE,Motor Car,17
SING JOO WALK,Motor Car,9
SOMME ROAD,Motor Car,13
ST WILFRID SPORTS COMPLEX (SSC),Motor Car,21
STARLIGHT ROAD / TERRACE,Motor Car,16
STURDEE ROAD,Motor Car,18
SYED ALWI ROAD (JALAN BESAR / SERANGOON RD),Motor Car,44
SYED ALWI ROAD(JALAN BESAR/ROCHOR CANAL RD),Motor Car,43
TESSENSOHN ROAD,Motor Car,51
UPPER DICKSON ROAD,Motor Car,16
UPPER WELD ROAD,Motor Car,59
VEERASAMY ROAD,Motor Car,42
VERDUN ROAD,Motor Car,7
VERDUN ROAD OFF STREET,Motor Car,18
BACKLANE BET BOON TAT STREET/MCCALLUM STREET,Motor Car,0
BACKLANE BET CECIL STREET/MARKET STREET,Motor Car,0
MARINA VIEW OFF STREET,Motor Car,48
PALMER ROAD,Motor Car,19
PALMER ROAD OFF STREET,Motor Car,46
PRINCE EDWARD ROAD / SHENTON WAY OFF STREET,Motor Car,66
JURONG OUTDOOR FUTSAL CENTRE (SSC),Motor Car,58
JURONG STADIUM (SSC),Motor Car,251
CHANGI SOUTH LANE,Motor Car,9
TAMPINES AVENUE 9/ AVENUE 10 HV PARK,Motor Car,0
ANGULLIA PARK OFF STREET,Motor Car,268
CLAYMORE HILL,Motor Car,10
CLAYMORE ROAD,Motor Car,8
BACKLANE BET CRAIG ROAD/DUXTON ROAD,Motor Car,0
BACKLANE BET PECK SEAH STREET/TRAS STREET,Motor Car,0
BACKLANE BET TRAS STREET/COOK STREET,Motor Car,0
BACKLANE OFF COOK STREET,Motor Car,0
BERNAM STREET,Motor Car,9
COOK STREET,Motor Car,5
DUXTON HILL,Motor Car,0
DUXTON ROAD,Motor Car,44
ENGGOR STREET,Motor Car,12
PECK SEAH STREET,Motor Car,4
PECK SEAH STREET OFF STREET,Motor Car,117
TANJONG PAGAR ROAD,Motor Car,26
TRAS STREET,Motor Car,75
WALLICH STREET,Motor Car,9
YAN KIT ROAD,Motor Car,19
YAN KIT ROAD / CANTONMENT ROAD OFF ST,Motor Car,15
AMOY STREET,Motor Car,84
AMOY STREET OFF STREET,Motor Car,16
BACKLANE BET BOON TAT STREET/AMOY STREET,Motor Car,0
BACKLANE OFF AMOY STREET,Motor Car,0
BACKLANE OFF BOON TAT STREET,Motor Car,0
BACKLANE OFF MCCALLUM STREET,Motor Car,0
BOON TAT STREET,Motor Car,19
MCCALLUM STREET,Motor Car,11
STANLEY STREET,Motor Car,26
TELOK AYER STREET,Motor Car,64
JALAN GELENGGANG,Motor Car,9
JALAN KURAS,Motor Car,8
SIN MING DRIVE,Motor Car,30
SIN MING DRIVE OFF STREET,Motor Car,57
SIN MING ROAD HEAVY VEHICLE PARK,Motor Car,0
WHITLEY ROAD / THOMSON ROAD HEAVY VEH PARK,Motor Car,12
TOA PAYOH EAST,Motor Car,0
TOA PAYOH WEST,Motor Car,62
23 TO 27 TUAS AVENUE 13 (JTC),Motor Car,80
TUAS AVENUE 1,Motor Car,10
TUAS AVENUE 11,Motor Car,10
TUAS AVENUE 12,Motor Car,21
TUAS AVENUE 13,Motor Car,16
TUAS AVENUE 18A,Motor Car,32
TUAS AVENUE 3,Motor Car,38
TUAS AVENUE 5,Motor Car,11
TUAS AVENUE 7,Motor Car,44
TUAS AVENUE 9,Motor Car,19
TUAS BASIN CLOSE,Motor Car,5
TUAS DRIVE 1,Motor Car,11
TUAS DRIVE 2,Motor Car,10
TUAS LANE,Motor Car,15
TUAS LINK 2,Motor Car,11
TUAS LINK 4,Motor Car,9
TUAS ROAD,Motor Car,28
TUAS ROAD (JTC),Motor Car,126
TUAS SOUTH AVENUE 1,Motor Car,63
TUAS SOUTH STREET 2,Motor Car,25
TUAS SOUTH STREET 5 (JTC),Motor Car,143
TUAS WEST AVENUE,Motor Car,39
KAKI BUKIT AVENUE 4,Motor Car,16
KAKI BUKIT PLACE,Motor Car,14
KAKI BUKIT ROAD 1,Motor Car,17
KAKI BUKIT ROAD 2,Motor Car,48
KAMPONG UBI INDUSTRIAL ESTATE (JTC),Motor Car,11
KIM CHUAN ROAD,Motor Car,26
NEW INDUSTRIAL ROAD,Motor Car,12
TAI SENG AVENUE,Motor Car,78
TAI SENG DRIVE,Motor Car,8
TAI SENG STREET,Motor Car,17
UBI AVENUE 1,Motor Car,4
UBI AVENUE 3,Motor Car,74
UBI AVENUE 4,Motor Car,10
UBI CRESCENT,Motor Car,17
UBI LINK,Motor Car,15
UBI ROAD 1,Motor Car,26
UBI ROAD 2,Motor Car,35
UBI ROAD 3,Motor Car,29
UBI ROAD 4,Motor Car,17
UBI VIEW,Motor Car,18
CHEONG CHIN NAM ROAD,Motor Car,68
JALAN SEH CHUAN OFF STREET,Motor Car,134
JALAN SEH CHUAN/LORONG KILAT OFF STREET,Motor Car,7
LORONG KILAT,Motor Car,28
SERVICE ROAD OFF UPPER BUKIT TIMAH ROAD,Motor Car,15
UPPER BUKIT TIMAH ROAD,Motor Car,5
ANCHORVALE CRESCENT HEAVY VEHICLE PARK,Motor Car,0
ANCHORVALE ROAD,Motor Car,38
ANCHORVALE STREET,Motor Car,66
BACKLANE OFF FARLEIGH AVENUE,Motor Car,0
BACKLANE OFF SERANGOON GARDEN WAY,Motor Car,0
BRIGHTON CRESCENT,Motor Car,11
BURGHLEY DRIVE SPORTS COMPLEX (SSC),Motor Car,19
FARLEIGH AVENUE,Motor Car,22
FARLEIGH AVENUE OFF STREET,Motor Car,44
KENSINGTON PARK ROAD OFF STREET,Motor Car,30
KENSINGTON PARK ROAD SERVICE ROAD,Motor Car,30
KOVAN ROAD,Motor Car,46
LIM TUA TOW ROAD,Motor Car,6
LIM TUA TOW ROAD OFF STREET,Motor Car,39
MAJU AVENUE,Motor Car,43
MAJU AVENUE SERVICE ROAD,Motor Car,3
PENSHURST PLACE,Motor Car,8
SANDOWN PLACE,Motor Car,4
SERANGOON GARDEN MARKET OFF STREET,Motor Car,107
SERANGOON GARDEN WAY,Motor Car,5
SERANGOON GARDEN WAY SERVICE ROAD,Motor Car,84
SERANGOON SPORTS COMPLEX (SSC),Motor Car,202
SIMON ROAD SERVICE ROAD,Motor Car,10
SOMMERVILLE WALK,Motor Car,8
SUNSHINE TERRACE,Motor Car,10
TAMPINES ROAD HEAVY VEHICLE PARK,Motor Car,0
TAMPINES ROAD/HOUGANG AVE 7 HEAVY VEH PARK,Motor Car,0
TECK CHYE TERRACE,Motor Car,26
UPPER SERANGOON ROAD,Motor Car,13
UPPER SERANGOON ROAD (BARTLEY RD JUNCTION),Motor Car,23
CASUARINA ROAD,Motor Car,10
JALAN KURAS OFF STREET,Motor Car,56
JALAN LEBAN SERVICE ROAD,Motor Car,25
OLD UPPER THOMSON ROAD,Motor Car,54
OLD UPPER THOMSON ROAD OFF STREET,Motor Car,17
SEMBAWANG HILLS FOOD CENTRE OFF STREET,Motor Car,21
SERVICE ROAD OFF SIN MING ROAD,Motor Car,9
TAGORE DRIVE,Motor Car,34
TAGORE INDUSTRIAL AVENUE,Motor Car,81
TAGORE LANE,Motor Car,135
TAGORE ROAD,Motor Car,50
UPPER THOMSON ROAD,Motor Car,7
UPPER THOMSON ROAD (LAKEVIEW ESTATE),Motor Car,12
UPPER THOMSON ROAD OFF STREET,Motor Car,38
15 WOODLANDS LOOP / 22 WOODLANDS LINK (JTC),Motor Car,933
MARSILING CRESCENT,Motor Car,0
MARSILING CRESCENT HEAVY VEHICLE PARK,Motor Car,0
RIVERSIDE ROAD,Motor Car,0
WOODLANDS AVE 9 (WOODLANDS AVE 8/LINK),Motor Car,0
WOODLANDS INDUSTRIAL PARK E 1,Motor Car,20
WOODLANDS INDUSTRIAL PARK E 3,Motor Car,72
WOODLANDS INDUSTRIAL PARK E 5,Motor Car,56
WOODLANDS INDUSTRIAL PARK E 6,Motor Car,11
WOODLANDS INDUSTRIAL PARK E 8,Motor Car,48
WOODLANDS INDUSTRIAL PARK E 9,Motor Car,41
WOODLANDS LINK,Motor Car,34
WOODLANDS LOOP,Motor Car,30
WOODLANDS SECTOR 1,Motor Car,27
WOODLANDS TERRACE,Motor Car,44
WOODLANDS WALK,Motor Car,22
SERVICE ROAD OFF JALAN SELASEH,Motor Car,29
GOODLINK PARK / JALAN MATA AYER OFF STREET,Motor Car,22
YISHUN AVENUE 1,Motor Car,0
"YISHUN AVENUE 1 (FROM BLK 433,LOTS SL1-SL88)",Motor Car,0
YISHUN AVENUE 7,Motor Car,5
YISHUN AVENUE 7 HEAVY VEHICLE PARK,Motor Car,0
YISHUN INDUSTRIAL PARK A,Motor Car,70
YISHUN SPORTS COMPLEX (SSC),Motor Car,243
YISHUN SWIMMING COMPLEX (SSC),Motor Car,15
ANG MO KIO AVENUE 1 HEAVY VEHICLE PARK,Motor Cycle,0
ANG MO KIO STREET 62,Motor Cycle,0
ANG MO KIO STREET 63,Motor Cycle,0
ANG MO KIO STREET 64,Motor Cycle,0
JALAN KAYU OFF STREET,Motor Cycle,18
SELETAR AEROSPACE VIEW,Motor Cycle,20
AYER RAJAH CRESCENT,Motor Cycle,0
BALESTIER ROAD,Motor Cycle,0
BHAMO ROAD,Motor Cycle,0
BOON TECK ROAD,Motor Cycle,0
JALAN AMPAS,Motor Cycle,0
JALAN DUSUN,Motor Cycle,0
JALAN KEMAMAN,Motor Cycle,0
JALAN RAJA UDANG,Motor Cycle,0
JALAN RAMA RAMA,Motor Cycle,0
KIM KEAT CLOSE,Motor Cycle,0
LORONG AMPAS,Motor Cycle,0
MANDALAY ROAD,Motor Cycle,0
MARTABAN ROAD,Motor Cycle,0
MINBU ROAD,Motor Cycle,0
MINBU ROAD OFF STREET,Motor Cycle,12
PROME ROAD,Motor Cycle,0
SERVICE ROAD OFF BALESTIER ROAD,Motor Cycle,0
SHAN ROAD,Motor Cycle,10
SHREWSBURY ROAD,Motor Cycle,0
SHREWSBURY ROAD OFF STREET,Motor Cycle,5
TAN TOCK SENG LINK,Motor Cycle,10
BEDOK ROAD FOOD CENTRE OFF STREET,Motor Cycle,16
BEDOK SOUTH ROAD,Motor Cycle,0
BEDOK SPORTS COMPLEX (SSC),Motor Cycle,139
JALAN LANA,Motor Cycle,0
SERVICE ROAD OFF CHAI CHEE DRIVE,Motor Cycle,0
BENOI ROAD,Motor Cycle,0
BENOI SECTOR,Motor Cycle,0
BISHAN SPORTS COMPLEX (SSC),Motor Cycle,35
BRADDELL ROAD HEAVY VEHICLE PARK,Motor Cycle,0
JALAN BINCHANG,Motor Cycle,0
JALAN PEMIMPIN,Motor Cycle,0
SIN MING WALK,Motor Cycle,0
BACKLANE BET LORONG TELOK/CIRCULAR ROAD,Motor Cycle,13
BACKLANE BET NORTH CANAL ROAD/CIRCULAR RD,Motor Cycle,10
BACKLANE BET SYNAGOGUE STREET/CHURCH STREET,Motor Cycle,9
BACKLANE OFF SYNAGOGUE STREET,Motor Cycle,43
CIRCULAR ROAD,Motor Cycle,0
LORONG TELOK,Motor Cycle,12
PHILLIP STREET,Motor Cycle,0
BUKIT BATOK EAST AVENUE 2 HV PARK,Motor Cycle,0
BUKIT BATOK NATURE PARK OFF STREET,Motor Cycle,6
BUKIT BATOK ROAD / JURONG ROAD OFF STREET,Motor Cycle,0
BUKIT BATOK SWIMMING COMPLEX (SSC),Motor Cycle,6
HILLVIEW TERRACE,Motor Cycle,0
DELTA SPORTS COMPLEX (SSC),Motor Cycle,41
MARITIME SQUARE D OFF STREET,Motor Cycle,414
PRINCE PHILIP AVENUE,Motor Cycle,0
SEAH IM ROAD OFF STREET,Motor Cycle,367
TELOK BLANGAH DRIVE HEAVY VEHICLE PARK,Motor Cycle,0
TELOK BLANGAH HEIGHTS,Motor Cycle,0
TELOK BLANGAH STREET 31,Motor Cycle,0
TIONG BAHRU PARK OFF STREET,Motor Cycle,0
ADAM ROAD / DUNEARN CLOSE OFF STREET,Motor Cycle,10
ADAM ROAD FOOD CENTRE OFF STREET,Motor Cycle,14
ANAMALAI AVENUE,Motor Cycle,0
ANTHONY ROAD OFF STREET,Motor Cycle,0
BUKIT TIMAH LINK OFF STREET,Motor Cycle,8
BUKIT TIMAH MARKET OFF STREET,Motor Cycle,26
BUKIT TIMAH ROAD,Motor Cycle,0
CAIRNHILL ROAD SERVICE ROAD,Motor Cycle,0
CLEMENCEAU AVENUE,Motor Cycle,0
CLEMENCEAU AVENUE NORTH (NEWTON FC),Motor Cycle,24
CORONATION WALK,Motor Cycle,0
DAIRY FARM ROAD / PETIR ROAD HV PARK,Motor Cycle,0
DUNEARN CLOSE,Motor Cycle,0
KAMPONG JAVA FRINGE CAR PARK,Motor Cycle,0
KAMPONG JAVA ROAD,Motor Cycle,0
MAKEWAY AVENUE,Motor Cycle,0
PRINCE OF WALES ROAD,Motor Cycle,0
PRINCESS OF WALES ROAD,Motor Cycle,0
SIXTH AVENUE,Motor Cycle,0
STEVENS ROAD,Motor Cycle,0
3 CHANGI SOUTH AVENUE 4 (JTC),Motor Cycle,0
"BLK 20,22,24,26,28,30 CHANGI NORTH WAY (JTC)",Motor Cycle,0
"BLK 49,51,55,61,65 CHANGI NORTH CRES(JTC)",Motor Cycle,18
CHANGI BEACH PARK CP 1,Motor Cycle,0
CHANGI BEACH PARK CP 2,Motor Cycle,0
CHANGI BEACH PARK CP 3,Motor Cycle,0
CHANGI BEACH PARK CP 4,Motor Cycle,0
CHANGI BEACH PARK CP 5,Motor Cycle,0
CHANGI BEACH PARK CP 6,Motor Cycle,0
CHANGI NORTH CRESCENT,Motor Cycle,0
CHANGI NORTH RISE,Motor Cycle,0
CHANGI NORTH STREET 1,Motor Cycle,0
CHANGI NORTH STREET 2,Motor Cycle,0
CHANGI ROAD (BET JALAN KEMBANGAN/STILL ROAD),Motor Cycle,0
CHANGI ROAD (BET JOO CHIAT ROAD/STILL ROAD),Motor Cycle,10
CHANGI ROAD / JALAN WAKAFF OFF STREET,Motor Cycle,0
CHANGI ROAD OFF STREET,Motor Cycle,0
CHANGI ROAD SERVICE ROAD,Motor Cycle,0
CHANGI SOUTH AVENUE 2,Motor Cycle,18
CHANGI SOUTH AVENUE 4,Motor Cycle,6
CHANGI SOUTH STREET 1,Motor Cycle,0
CHANGI SOUTH STREET 2,Motor Cycle,20
CHANGI VILLAGE ROAD,Motor Cycle,18
EVERITT ROAD NORTH,Motor Cycle,5
JALAN LAPANG,Motor Cycle,0
JALAN MASJID,Motor Cycle,0
JALAN UBI,Motor Cycle,0
KAMPONG EUNOS,Motor Cycle,0
LANGSAT ROAD,Motor Cycle,0
LORONG 102 CHANGI,Motor Cycle,0
LORONG 104 CHANGI,Motor Cycle,0
LORONG 105 CHANGI,Motor Cycle,0
LORONG 106 CHANGI,Motor Cycle,0
LORONG 107 CHANGI,Motor Cycle,0
LORONG 108 CHANGI,Motor Cycle,4
LORONG BEKUKONG OFF STREET,Motor Cycle,28
LORONG MARICAN,Motor Cycle,0
LORONG MARZUKI,Motor Cycle,0
LORONG MELAYU,Motor Cycle,0
LORONG MYDIN,Motor Cycle,0
LORONG MYDIN OFF STREET,Motor Cycle,0
LORONG SARINA,Motor Cycle,0
NETHERAVON ROAD,Motor Cycle,5
SERVICE ROAD OFF JALAN MASJID,Motor Cycle,0
SIMS AVENUE (PAYA LEBAR RD/EUNOS RD),Motor Cycle,0
UPPER CHANGI ROAD / BEDOK ROAD OFF STREET,Motor Cycle,8
45 QUALITY ROAD (JTC),Motor Cycle,4
CHIA PING ROAD,Motor Cycle,0
CHIN BEE DRIVE,Motor Cycle,0
CHIN BEE ROAD,Motor Cycle,0
FOURTH CHIN BEE ROAD,Motor Cycle,0
JALAN BESUT,Motor Cycle,0
JALAN TUKANG,Motor Cycle,0
JOO YEE ROAD,Motor Cycle,0
LINK ROAD,Motor Cycle,0
QUALITY ROAD,Motor Cycle,0
SECOND CHIN BEE ROAD,Motor Cycle,0
SERVICE ROAD OFF QUALITY ROAD,Motor Cycle,11
THIRD CHIN BEE ROAD,Motor Cycle,0
CHOA CHU KANG WAY,Motor Cycle,0
SERVICE ROAD OFF CHOA CHU KANG AVE 1,Motor Cycle,22
STAGMONT RING HEAVY VEHICLE PARK,Motor Cycle,0
WOODLANDS ROAD LORRY PARK,Motor Cycle,0
BACKLANE BET ONAN ROAD / JOO CHIAT ROAD,Motor Cycle,6
CEYLON LANE,Motor Cycle,0
CEYLON ROAD,Motor Cycle,0
CRANE ROAD,Motor Cycle,0
DUNMAN ROAD FOOD CENTRE OFF STREET,Motor Cycle,1
EAN KIAM PLACE,Motor Cycle,0
EAST COAST PARK E1 OFF STREET,Motor Cycle,23
EAST COAST PARK E2 OFF STREET,Motor Cycle,38
EAST COAST PARK E3 OFF STREET,Motor Cycle,2
EAST COAST PARK SERVICE ROAD,Motor Cycle,0
EAST COAST ROAD (BET FRANKEL AVE/SIGLAP RD),Motor Cycle,0
EAST COAST ROAD (BET SIGLAP RD/JALAN JAMAL),Motor Cycle,0
EAST COAST ROAD (HAIG ROAD/TELOK KURAU ROAD),Motor Cycle,17
EVERITT ROAD,Motor Cycle,4
FORT ROAD/EAST COAST PARK HV PARK,Motor Cycle,0
JAGO CLOSE,Motor Cycle,0
JOO CHIAT LANE,Motor Cycle,0
JOO CHIAT PLACE,Motor Cycle,4
JOO CHIAT ROAD (CHANGI ROAD/EAST COAST ROAD),Motor Cycle,13
JOO CHIAT ROAD OFF STREET,Motor Cycle,36
JOO CHIAT TERRACE (JOO CHIAT RD/TEMBELING RD),Motor Cycle,4
LORONG 101 CHANGI,Motor Cycle,2
MARSHALL ROAD,Motor Cycle,7
ONAN ROAD,Motor Cycle,5
ONAN ROAD / JOO CHIAT ROAD OFF STREET,Motor Cycle,0
ONAN ROAD OFF STREET,Motor Cycle,2
PENNEFATHER ROAD,Motor Cycle,0
SERVICE ROAD OFF JOO CHIAT ROAD,Motor Cycle,0
SERVICE ROAD OFF ONAN ROAD,Motor Cycle,10
SERVICE ROAD OFF UPPER EAST COAST ROAD,Motor Cycle,0
SIGLAP LINK,Motor Cycle,0
TANJONG KATONG RD OFF ST (OPP WILKINSON RD),Motor Cycle,7
TANJONG KATONG ROAD OFF STREET,Motor Cycle,21
TELOK KURAU ROAD,Motor Cycle,0
TEMBELING ROAD,Motor Cycle,0
TEMBELING ROAD OFF STREET,Motor Cycle,23
UPPER EAST COAST ROAD OFF STREET,Motor Cycle,0
ALJUNIED ROAD OFF STREET,Motor Cycle,0
AROOZOO AVENUE,Motor Cycle,0
CEYLON ROAD OFF STREET,Motor Cycle,0
GEYLANG EAST SERVICE ROAD,Motor Cycle,5
GEYLANG EAST SWIMMING COMPLEX (SSC),Motor Cycle,3
GEYLANG ROAD,Motor Cycle,0
GUILLEMARD ROAD,Motor Cycle,0
JALAN AYER,Motor Cycle,0
KAMPONG BUGIS,Motor Cycle,0
KAMPONG BUGIS OFF STREET,Motor Cycle,10
LORONG 1 GEYLANG ROAD OFF STREET,Motor Cycle,0
LORONG 11 GEYLANG,Motor Cycle,0
LORONG 12 GEYLANG,Motor Cycle,0
LORONG 13 GEYLANG,Motor Cycle,0
LORONG 14 GEYLANG,Motor Cycle,0
LORONG 15 GEYLANG,Motor Cycle,0
LORONG 16 GEYLANG,Motor Cycle,0
LORONG 17 GEYLANG,Motor Cycle,0
LORONG 18 GEYLANG,Motor Cycle,0
LORONG 19 GEYLANG,Motor Cycle,0
LORONG 20 GEYLANG,Motor Cycle,0
LORONG 21 GEYLANG,Motor Cycle,0
LORONG 21 GEYLANG / GEYLANG ROAD OFF ST,Motor Cycle,0
LORONG 21 GEYLANG OFF STREET,Motor Cycle,14
LORONG 21A GEYLANG,Motor Cycle,0
LORONG 23 GEYLANG,Motor Cycle,0
LORONG 24 GEYLANG,Motor Cycle,0
LORONG 24A GEYLANG,Motor Cycle,0
LORONG 25 GEYLANG,Motor Cycle,0
LORONG 25/25A GEYLANG OFF STREET,Motor Cycle,12
LORONG 25A GEYLANG,Motor Cycle,0
LORONG 26 GEYLANG,Motor Cycle,0
LORONG 27 GEYLANG,Motor Cycle,0
LORONG 27A GEYLANG,Motor Cycle,0
LORONG 28 GEYLANG,Motor Cycle,0
LORONG 28 SERVICE ROAD GEYLANG,Motor Cycle,0
LORONG 29 GEYLANG,Motor Cycle,0
LORONG 3 GEYLANG,Motor Cycle,0
LORONG 30 GEYLANG,Motor Cycle,0
LORONG 31 GEYLANG,Motor Cycle,0
LORONG 31 GEYLANG OFF STREET,Motor Cycle,21
LORONG 32 GEYLANG,Motor Cycle,0
LORONG 33 GEYLANG,Motor Cycle,0
LORONG 34 GEYLANG,Motor Cycle,0
LORONG 35 GEYLANG,Motor Cycle,0
LORONG 36 GEYLANG,Motor Cycle,0
LORONG 36 GEYLANG OFF STREET,Motor Cycle,0
LORONG 37 GEYLANG,Motor Cycle,0
LORONG 37 GEYLANG OFF STREET,Motor Cycle,17
LORONG 38 GEYLANG,Motor Cycle,0
LORONG 39 GEYLANG,Motor Cycle,0
LORONG 39 SERVICE ROAD GEYLANG,Motor Cycle,0
LORONG 4 GEYLANG,Motor Cycle,0
LORONG 40 GEYLANG,Motor Cycle,0
LORONG 41 GEYLANG,Motor Cycle,0
LORONG 6 GEYLANG,Motor Cycle,0
LORONG 7 GEYLANG,Motor Cycle,0
LORONG 8 GEYLANG,Motor Cycle,0
LORONG 9 GEYLANG,Motor Cycle,0
LORONG 9/11 GEYLANG OFF STREET,Motor Cycle,9
LORONG BACHOK,Motor Cycle,0
LORONG BACHOK OFF STREET,Motor Cycle,6
LORONG TAHAR,Motor Cycle,0
SERVICE ROAD OFF LORONG 44 GEYLANG,Motor Cycle,0
SIMS AVENUE (BET LOR 3 GEYLANG/PAYA LEBAR RD),Motor Cycle,0
SIMS AVENUE SERVICE ROAD,Motor Cycle,0
SIMS PLACE,Motor Cycle,0
TALMA ROAD,Motor Cycle,0
TANJONG KATONG COMPLEX,Motor Cycle,72
WESTERHOUT ROAD,Motor Cycle,0
GUL AVENUE,Motor Cycle,0
GUL CIRCLE,Motor Cycle,0
GUL CRESCENT,Motor Cycle,0
GUL DRIVE,Motor Cycle,0
GUL LANE,Motor Cycle,0
GUL ROAD,Motor Cycle,165
GUL STREET 1,Motor Cycle,0
GUL STREET 2,Motor Cycle,0
GUL STREET 3,Motor Cycle,0
GUL STREET 4,Motor Cycle,0
GUL STREET 5,Motor Cycle,0
DELTA CIRCUS FRINGE CAR PARK,Motor Cycle,40
HAVELOCK ROAD,Motor Cycle,15
OUTRAM HILL,Motor Cycle,10
OUTRAM ROAD,Motor Cycle,0
OUTRAM ROAD OFF STREET,Motor Cycle,6
PEARL BANK OFF STREET,Motor Cycle,12
ARMENIAN ST / CANNING RISE OFF ST CAR PARK,Motor Cycle,0
ARMENIAN STREET,Motor Cycle,0
ARMENIAN STREET OFF STREET,Motor Cycle,8
CANNING RISE OFF STREET,Motor Cycle,13
FORT CANNING PARK A OFF STREET,Motor Cycle,5
FORT CANNING PARK B OFF STREET,Motor Cycle,12
FORT CANNING PARK C OFF STREET,Motor Cycle,0
HOLLAND DR/NORTH BOUNA VISTA RD OFF STREET,Motor Cycle,16
HOLLAND DRIVE OFF STREET,Motor Cycle,42
JALAN HITAM MANIS,Motor Cycle,0
JALAN KELABU ASAP,Motor Cycle,0
JALAN KUNING,Motor Cycle,0
JALAN MERAH SAGA,Motor Cycle,0
JALAN PUTEH JERNEH,Motor Cycle,0
JALAN RUMIA,Motor Cycle,0
WARNA ROAD,Motor Cycle,0
WARNA ROAD OFF STREET,Motor Cycle,7
ALIWAL STREET,Motor Cycle,4
ALLENBY ROAD,Motor Cycle,0
BABOO LANE,Motor Cycle,6
BACKLANE BET KELANTAN LANE/KELANTAN ROAD,Motor Cycle,8
BACKLANE BET KITCHENER ROAD/PLUMER ROAD,Motor Cycle,5
BACKLANE BET TOWNSHEND ROAD/JALAN BESAR,Motor Cycle,11
BACKLANE OFF CAVAN ROAD,Motor Cycle,5
BACKLANE OFF JALAN BERSEH,Motor Cycle,19
BEATTY LANE,Motor Cycle,0
CAVAN ROAD,Motor Cycle,0
FOCH ROAD,Motor Cycle,10
HAMILTON ROAD,Motor Cycle,0
HAMILTON ROAD OFF STREET,Motor Cycle,3
HORNE ROAD,Motor Cycle,8
JALAN BERSEH,Motor Cycle,0
JALAN BESAR,Motor Cycle,10
JALAN BESAR SPORTS COMPLEX (SSC),Motor Cycle,30
JELLICOE ROAD,Motor Cycle,0
KALLANG ROAD/CRAWFORD STREET OFF STREET,Motor Cycle,59
KELANTAN LANE,Motor Cycle,34
KELANTAN ROAD,Motor Cycle,5
KING GEORGE'S AVENUE OFF STREET,Motor Cycle,4
KING GEORGE'S AVENUE/ HORNE ROAD OFF STREET,Motor Cycle,18
MAUDE ROAD,Motor Cycle,0
PENHAS ROAD,Motor Cycle,0
PENHAS ROAD / LAVENDER STREET OFF STREET,Motor Cycle,0
PETAIN ROAD (JALAN BESAR / TYRWHITT ROAD),Motor Cycle,0
PLUMER ROAD,Motor Cycle,0
SERVICE ROAD BET HAMILTON RD/CAVAN RD,Motor Cycle,0
SERVICE ROAD BETWEEN PETAIN RD/ALLENBY RD,Motor Cycle,0
SERVICE ROAD OFF KING GEORGE'S AVENUE,Motor Cycle,0
SERVICE ROAD OFF PENHAS ROAD,Motor Cycle,0
SUNGEI ROAD OFF STREET,Motor Cycle,17
SUNGEI ROAD(WELD ROAD/ KELANTAN ROAD),Motor Cycle,0
TOWNSHEND ROAD,Motor Cycle,0
TYRWHITT ROAD,Motor Cycle,0
JOO KOON CIRCLE,Motor Cycle,0
JOO KOON CRESCENT,Motor Cycle,0
JOO KOON ROAD,Motor Cycle,0
JOO KOON WAY,Motor Cycle,0
SCIENCE CENTRE ROAD,Motor Cycle,0
TOH GUAN ROAD,Motor Cycle,0
BOON LAY SWIMMING COMPLEX (SSC),Motor Cycle,12
BULIM AVENUE HVP,Motor Cycle,0
JALAN BAHAR HEAVY VEHICLE PARK,Motor Cycle,0
32 TO 53 KALLANG PLACE (JTC),Motor Cycle,10
ALJUNIED ROAD (MINOR),Motor Cycle,0
BENDEMEER ROAD HEAVY VEHICLE PARK,Motor Cycle,0
GENTING LANE,Motor Cycle,0
GENTING LANE OFF STREET,Motor Cycle,0
GENTING LINK,Motor Cycle,0
GENTING ROAD,Motor Cycle,0
JALAN LEMBAH KALLANG,Motor Cycle,0
KALLANG AVENUE,Motor Cycle,0
KALLANG BAHRU,Motor Cycle,0
KALLANG BASIN SWIMMING COMPLEX (SSC),Motor Cycle,6
KALLANG SECTOR,Motor Cycle,0
KALLANG WAY,Motor Cycle,0
KALLANG WAY 1,Motor Cycle,0
KALLANG WAY 2A,Motor Cycle,0
KEMPAS ROAD,Motor Cycle,17
LORONG BAKAR BATU,Motor Cycle,0
LORONG PENDEK,Motor Cycle,0
SERVICE ROAD OFF GENTING LANE,Motor Cycle,0
SOON WING ROAD,Motor Cycle,0
TANNERY LANE,Motor Cycle,0
KALLANG SPORTS COMPLEX CAR PARK 4(SSC),Motor Cycle,55
KALLANG SPORTS COMPLEX CAR PARK 5(SSC),Motor Cycle,32
KATONG SWIMMING POOL (SSC),Motor Cycle,9
OLD AIRPORT ROAD,Motor Cycle,4
WILKINSON ROAD,Motor Cycle,0
BACKLANE OFF BLAIR RD/ SPOTTISWOODE PARK ROAD,Motor Cycle,8
BLAIR ROAD,Motor Cycle,0
EVERTON ROAD,Motor Cycle,0
HOSPITAL DRIVE CAR PARK B OFF STREET,Motor Cycle,14
KEPPEL ROAD OFF STREET,Motor Cycle,22
SERVICE ROAD OFF EVERTON ROAD,Motor Cycle,0
SPOTTISWOODE PARK ROAD,Motor Cycle,0
ARAB STREET,Motor Cycle,13
BACKLANE BET ARAB STREET/JALAN PINANG,Motor Cycle,10
BACKLANE BET BAGHDAD STREET/MUSCAT STREET,Motor Cycle,19
BACKLANE BET JALAN SULTAN/ALIWAL STREET,Motor Cycle,20
BACKLANE OFF BAGHDAD STREET,Motor Cycle,10
BACKLANE OFF NORTH BRIDGE ROAD,Motor Cycle,5
BAGHDAD STREET,Motor Cycle,0
BAGHDAD STREET OFF STREET,Motor Cycle,7
BALI LANE,Motor Cycle,0
BEACH ROAD,Motor Cycle,0
BUSSORAH STREET,Motor Cycle,0
JALAN KLAPA,Motor Cycle,2
JALAN KLEDEK,Motor Cycle,0
JALAN KLEDEK OFF STREET,Motor Cycle,0
JALAN KUBOR (NORTH BRIDGE RD/VICTORIA ST),Motor Cycle,4
JALAN KUBOR (VICTORIA ST/ROCHOR CANAL RD),Motor Cycle,0
JALAN PINANG,Motor Cycle,0
JALAN PISANG,Motor Cycle,0
JALAN SULTAN,Motor Cycle,0
KANDAHAR STREET,Motor Cycle,3
NORTH BRIDGE ROAD (ARAB/JALAN SULTAN),Motor Cycle,2
NORTH BRIDGE ROAD MARKET OFF STREET,Motor Cycle,7
NORTH BRIDGE ROAD OFF STREET,Motor Cycle,20
PAHANG STREET,Motor Cycle,3
PAHANG STREET OFF STREET,Motor Cycle,0
SERVICE ROAD OFF ALIWAL STREET,Motor Cycle,0
SULTAN GATE,Motor Cycle,0
SULTAN GATE / ALIWAL STREET COACH PARK,Motor Cycle,0
SULTAN GATE / ALIWAL STREET OFF STREET,Motor Cycle,4
231-287 KRANJI ROAD (JTC),Motor Cycle,35
SUNGEI KADUT AVENUE,Motor Cycle,0
SUNGEI KADUT CRESCENT,Motor Cycle,0
SUNGEI KADUT DRIVE,Motor Cycle,0
SUNGEI KADUT LOOP,Motor Cycle,0
SUNGEI KADUT STREET 1,Motor Cycle,0
SUNGEI KADUT STREET 3,Motor Cycle,0
SUNGEI KADUT WAY,Motor Cycle,0
ANN SIANG ROAD,Motor Cycle,0
BACKLANE BET ANN SIANG ROAD/ERSKINE ROAD,Motor Cycle,21
BACKLANE BET CARPENTER /UPPER CIRCULAR ROAD,Motor Cycle,9
BACKLANE BET HONGKONG ST/CARPENTER STREET,Motor Cycle,7
BACKLANE BET JIAK CHUAN RD/TECK LIM ROAD,Motor Cycle,7
BACKLANE BET KEONG SAIK ROAD/NEIL ROAD,Motor Cycle,8
BACKLANE BET KEONG SAIK/NEW BRIDGE ROAD,Motor Cycle,5
BACKLANE BET TEMPLE STREET/PAGODA STREET,Motor Cycle,10
BACKLANE BET TEMPLE STREET/SMITH STREET,Motor Cycle,13
BACKLANE BET UPPER CROSS ST/MOSQUE STREET,Motor Cycle,20
BACKLANE OFF BUKIT PASOH ROAD,Motor Cycle,12
BACKLANE OFF GEMMILL LANE,Motor Cycle,6
BACKLANE OFF KEONG SAIK ROAD,Motor Cycle,7
BACKLANE OFF MOHD ALI LANE/ANN SIANG HILL,Motor Cycle,6
BACKLANE OFF SMITH STREET,Motor Cycle,15
BACKLANE OFF TECK LIM ROAD,Motor Cycle,12
BANDA STREET,Motor Cycle,0
BANDA STREET / SAGO LANE OFF STREET,Motor Cycle,5
BUKIT PASOH ROAD,Motor Cycle,0
CARPENTER STREET,Motor Cycle,0
CARPENTER STREET OFF STREET,Motor Cycle,9
CLUB STREET,Motor Cycle,7
CLUB STREET OFF STREET,Motor Cycle,5
DUXTON HILL OFF STREET,Motor Cycle,0
GEMMILL LANE,Motor Cycle,0
HONG KONG STREET,Motor Cycle,0
HONG LIM PARK OFF STREET,Motor Cycle,6
JIAK CHUAN ROAD,Motor Cycle,0
KEONG SAIK ROAD,Motor Cycle,6
MND COMPLEX (BASEMENT),Motor Cycle,70
MND COMPLEX (SURFACE),Motor Cycle,44
MOSQUE STREET,Motor Cycle,4
NEIL ROAD,Motor Cycle,0
NEIL ROAD OFF STREET,Motor Cycle,0
NEW MARKET ROAD,Motor Cycle,22
NORTH CANAL ROAD,Motor Cycle,0
TECK LIM ROAD,Motor Cycle,0
TEMPLE STREET,Motor Cycle,0
TEO HONG ROAD,Motor Cycle,0
TEO HONG ROAD / NEW BRIDGE ROAD OFF STREET,Motor Cycle,0
UPPER CIRCULAR ROAD,Motor Cycle,0
UPPER HOKKIEN STREET,Motor Cycle,15
FIFTH LOK YANG ROAD,Motor Cycle,0
FIRST LOK YANG ROAD,Motor Cycle,0
FOURTH LOK YANG ROAD,Motor Cycle,0
LOK YANG WAY,Motor Cycle,0
NEYTHAL ROAD,Motor Cycle,0
SECOND LOK YANG ROAD,Motor Cycle,0
SIXTH LOK YANG ROAD,Motor Cycle,0
THIRD LOK YANG ROAD,Motor Cycle,0
LOYANG CRESCENT,Motor Cycle,0
BURN ROAD,Motor Cycle,0
CIRCUIT ROAD,Motor Cycle,18
HAPPY AVENUE NORTH,Motor Cycle,0
HARRISON ROAD,Motor Cycle,0
HARVEY ROAD,Motor Cycle,0
HOWARD ROAD,Motor Cycle,0
IRVING PLACE,Motor Cycle,0
IRVING ROAD,Motor Cycle,0
JALAN ANGGEREK,Motor Cycle,0
JALAN MESIN,Motor Cycle,0
JOO SENG ROAD,Motor Cycle,0
KAMPONG AMPAT,Motor Cycle,0
LITTLE ROAD,Motor Cycle,0
MACPHERSON ROAD,Motor Cycle,0
MACTAGGART ROAD,Motor Cycle,0
PHENG GECK AVENUE,Motor Cycle,0
PUAY HEE AVENUE,Motor Cycle,0
SERVICE ROAD OFF MACPHERSON ROAD,Motor Cycle,0
SHAW ROAD,Motor Cycle,0
SIAK KEW AVENUE,Motor Cycle,0
SIANG KUANG AVENUE,Motor Cycle,0
TAI THONG CRESCENT,Motor Cycle,0
UPPER ALJUNIED LINK OFF-ST,Motor Cycle,0
UPPER PAYA LEBAR ROAD SERVICE ROAD,Motor Cycle,0
BAYFRONT AVENUE OFF STREET,Motor Cycle,176
DEVONSHIRE ROAD,Motor Cycle,0
DUBLIN ROAD,Motor Cycle,0
EMERALD HILL ROAD,Motor Cycle,0
EMERALD LINK,Motor Cycle,14
GRANGE ROAD / SOMERSET ROAD OFF STREET,Motor Cycle,66
HULLET ROAD,Motor Cycle,0
HULLET ROAD OFF STREET,Motor Cycle,0
KILLINEY ROAD,Motor Cycle,0
LLOYD ROAD,Motor Cycle,0
PENANG LANE,Motor Cycle,18
PENANG ROAD OFF STREET,Motor Cycle,0
SAUNDERS ROAD,Motor Cycle,0
PANDAN AVENUE,Motor Cycle,0
PANDAN CRESCENT,Motor Cycle,0
PANDAN GARDENS,Motor Cycle,0
PANDAN LOOP,Motor Cycle,0
PANDAN ROAD,Motor Cycle,0
TEBAN GARDENS CRESCENT,Motor Cycle,0
CLEMENTI STADIUM (SSC),Motor Cycle,12
JALAN MAS KUNING,Motor Cycle,0
JALAN MAS PUTEH,Motor Cycle,15
JALAN PELEPAH OFF STREET,Motor Cycle,8
NEO PEE TECK LANE,Motor Cycle,0
PASIR PANJANG FOOD CENTRE (TEMP) OFF ST,Motor Cycle,16
PASIR PANJANG FOOD CENTRE OFF STREET,Motor Cycle,17
PASIR PANJANG ROAD,Motor Cycle,0
PASIR PANJANG ROAD / LABRADOR VILLA ROAD,Motor Cycle,4
PASIR PANJANG ROAD / SOUTH BUONA VISTA ROAD,Motor Cycle,16
PASIR PANJANG ROAD OFF STREET,Motor Cycle,0
PASIR PANJANG ROAD/ CLEMENTI ROAD OFF ST,Motor Cycle,3
PEPYS ROAD OFF STREET,Motor Cycle,0
TAMAN MAS MERAH,Motor Cycle,0
WEST COAST PARK 1 OFF STREET,Motor Cycle,10
WISHART ROAD,Motor Cycle,0
LOYANG DRIVE,Motor Cycle,32
LOYANG LANE,Motor Cycle,0
LOYANG STREET,Motor Cycle,0
LOYANG WAY,Motor Cycle,17
LOYANG WAY 1,Motor Cycle,0
PASIR RIS CLOSE OFF STREET,Motor Cycle,64
PASIR RIS DRIVE 1 HEAVY VEHICLE PARK,Motor Cycle,0
PASIR RIS PARK CAR PARK E OFF STREET,Motor Cycle,10
TAMPINES INDUSTRIAL AVENUE 3,Motor Cycle,10
PENJURU CLOSE,Motor Cycle,0
TANJONG PENJURU CRESCENT,Motor Cycle,0
JALAN SAMULUN OFF STREET (JTC),Motor Cycle,10
PIONEER SECTOR 1,Motor Cycle,0
PIONEER SECTOR 2,Motor Cycle,34
PIONEER SECTOR 3,Motor Cycle,0
PIONEER SECTOR WALK,Motor Cycle,0
SERVICE ROAD OFF TEBING LANE,Motor Cycle,0
TEBING LANE,Motor Cycle,0
CHANG CHARN ROAD,Motor Cycle,0
HOY FATT ROAD,Motor Cycle,0
JALAN PENJARA,Motor Cycle,0
JALAN PENJARA OFF STREET,Motor Cycle,0
KUNG CHONG ROAD,Motor Cycle,10
LENG KEE ROAD,Motor Cycle,0
MARGARET DRIVE OFF STREET,Motor Cycle,13
QUEEN'S CRESCENT HEAVY VEHICLE PARK,Motor Cycle,0
QUEENSTOWN SPORTS COMPLEX (SSC),Motor Cycle,0
QUEENSWAY OFF STREET ( RIDEOUT TEA GARDEN),Motor Cycle,15
TANGLIN HALT CLOSE,Motor Cycle,0
CLEMENCEAU AVENUE OFF STREET,Motor Cycle,5
KELLOCK ROAD,Motor Cycle,0
KIM YAM ROAD,Motor Cycle,0
MARTIN PLACE/ MUTHURAMAN CHETTY ROAD,Motor Cycle,5
MOHAMED SULTAN ROAD,Motor Cycle,24
MOHD SULTAN ROAD/RIVER VALLEY ROAD OFF STREET,Motor Cycle,0
RIVER VALLEY ROAD(BET TANK RD/ZION RD),Motor Cycle,0
SERVICE ROAD OFF ZION ROAD,Motor Cycle,0
TAN TYE PLACE,Motor Cycle,0
TANK ROAD,Motor Cycle,12
UNITY STREET,Motor Cycle,0
ZION CLOSE,Motor Cycle,0
ZION ROAD,Motor Cycle,0
ZION ROAD OFF STREET,Motor Cycle,0
BACKLANE BET MIDDLE ROAD/LIANG SEAH STREET,Motor Cycle,16
BACKLANE OFF PURVIS STREET,Motor Cycle,9
BACKLANE OFF SEAH STREET,Motor Cycle,3
CHENG YAN PLACE,Motor Cycle,15
LIANG SEAH STREET,Motor Cycle,10
LIANG SEAH STREET OFF STREET,Motor Cycle,8
MACKENZIE ROAD,Motor Cycle,3
MACKENZIE ROAD A OFF STREET,Motor Cycle,5
MACKENZIE ROAD B OFF STREET,Motor Cycle,33
MACKENZIE ROAD C OFF STREET,Motor Cycle,0
MANILA STREET,Motor Cycle,11
MAYNE ROAD,Motor Cycle,0
MIDDLE ROAD OFF STREET,Motor Cycle,2
MOUNT EMILY ROAD,Motor Cycle,3
NIVEN ROAD,Motor Cycle,5
PRINSEP STREET (MIDDLE/ROCHOR CANAL),Motor Cycle,26
PURVIS STREET,Motor Cycle,6
QUEEN STREET,Motor Cycle,32
QUEEN STREET (ARAB STREET / ROCHOR ROAD),Motor Cycle,12
QUEEN STREET / ROCHOR ROAD OFF STREET,Motor Cycle,47
QUEEN STREET OFF STREET,Motor Cycle,19
SEAH STREET,Motor Cycle,4
SERVICE ROAD OFF QUEEN ST(QUEEN/WATERLOO ST),Motor Cycle,0
SHORT STREET,Motor Cycle,0
SOPHIA ROAD,Motor Cycle,6
TAN QUEE LAN STREET,Motor Cycle,19
WATERLOO STREET,Motor Cycle,5
WILKIE ROAD,Motor Cycle,12
JALAN DERUM,Motor Cycle,0
JALAN LEGUNDI,Motor Cycle,0
JALAN TAMPANG,Motor Cycle,17
SEMBAWANG DRIVE HEAVY VEHICLE PARK,Motor Cycle,0
SEMBAWANG RD/ADMIRALTY RD EAST OFF STREET,Motor Cycle,15
SEMBAWANG ROAD OFF STREET,Motor Cycle,12
SEMBONG ROAD,Motor Cycle,0
SENOKO AVENUE,Motor Cycle,0
SENOKO DRIVE,Motor Cycle,0
SENOKO ROAD,Motor Cycle,0
SENOKO SOUTH ROAD,Motor Cycle,0
SENOKO WAY,Motor Cycle,0
SERVICE ROAD OFF SEMBAWANG ROAD,Motor Cycle,13
SENGKANG EAST AND WEST WAY,Motor Cycle,0
BACKLANE BET CLIVE STREET/MADRAS STREET,Motor Cycle,11
BACKLANE BET CUFF ROAD /VEERASAMY ROAD,Motor Cycle,11
BACKLANE BET DICKSON ROAD/DUNLOP STREET,Motor Cycle,6
BACKLANE BET DICKSON ROAD/UPPER WELD ROAD,Motor Cycle,5
BACKLANE BET HINDOO ROAD/ROWELL ROAD,Motor Cycle,4
BACKLANE BET KAMPONG KAPOR/UPPER DICKSON RD,Motor Cycle,10
BACKLANE BET MAYO STREET/DUNLOP STREET,Motor Cycle,5
BACKLANE BET PERAK ROAD/MADRAS STREET,Motor Cycle,5
BACKLANE OFF DESKER ROAD,Motor Cycle,6
BACKLANE OFF ROWELL ROAD,Motor Cycle,10
BACKLANE OFF SAM LEONG ROAD,Motor Cycle,13
BACKLANE OFF SAM LEONG ROAD/JALAN BESAR,Motor Cycle,3
BACKLANE OFF STURDEE ROAD,Motor Cycle,11
BEATTY ROAD,Motor Cycle,0
BEATTY ROAD OFF STREET,Motor Cycle,4
BELILIOS LANE OFF STREET,Motor Cycle,0
BENG WAN ROAD OFF STREET,Motor Cycle,0
BIRCH ROAD,Motor Cycle,0
BUFFALO ROAD SERVICE ROAD,Motor Cycle,0
CAMPBELL LANE,Motor Cycle,0
CHANDER ROAD,Motor Cycle,0
CLIVE STREET,Motor Cycle,0
CUFF ROAD,Motor Cycle,0
DALHOUSIE LANE,Motor Cycle,0
DESKER ROAD,Motor Cycle,0
DICKSON ROAD,Motor Cycle,0
DICKSON ROAD OFF STREET,Motor Cycle,6
DUNLOP STREET,Motor Cycle,0
FARRER PARK SQUASH & TENNIS CENTRE (SSC),Motor Cycle,25
FLANDERS SQUARE,Motor Cycle,0
HINDOO ROAD,Motor Cycle,7
HINDOO ROAD OFF STREET,Motor Cycle,0
HINDOO ROAD/KAMPONG KAPOR ROAD OFF STREET,Motor Cycle,0
JALAN BESAR / BEATTY ROAD OFF STREET,Motor Cycle,5
JALAN SEMERBAK,Motor Cycle,0
JOO AVENUE,Motor Cycle,0
KAMPONG KAPOR ROAD,Motor Cycle,10
KAMPONG KAPOR ROAD OFF STREET,Motor Cycle,12
KERBAU ROAD,Motor Cycle,0
KINTA ROAD,Motor Cycle,0
KINTA ROAD OFF STREET,Motor Cycle,11
KITCHENER ROAD,Motor Cycle,0
LEMBU ROAD,Motor Cycle,0
MAYO STREET,Motor Cycle,0
MOONSTONE LANE,Motor Cycle,0
NORRIS ROAD,Motor Cycle,0
OPAL CRESCENT,Motor Cycle,0
OWEN ROAD (SERANGOON/ RACE COURSE ROAD),Motor Cycle,0
OWEN ROAD/ DORSET ROAD / CAMBRIDGE ROAD,Motor Cycle,10
PERAK ROAD,Motor Cycle,0
PERUMAL ROAD,Motor Cycle,0
PETAIN ROAD (SERANGOON ROAD / JALAN BESAR),Motor Cycle,0
PETAIN ROAD OFF STREET,Motor Cycle,0
RACE COURSE LANE,Motor Cycle,0
RACE COURSE ROAD,Motor Cycle,0
RACE COURSE ROAD (BET BT TIMAH / RANGOON RD),Motor Cycle,0
RACE COURSE ROAD / NORTHUMBERLAND ROAD,Motor Cycle,19
RANGOON LANE,Motor Cycle,0
RANGOON LANE OFF STREET,Motor Cycle,0
RANGOON ROAD,Motor Cycle,0
ROBERTS LANE,Motor Cycle,0
ROWELL ROAD,Motor Cycle,0
RUBY LANE,Motor Cycle,0
SAM LEONG ROAD,Motor Cycle,8
SERANGOON RD(KITCHENER RD/LAVENDER ST),Motor Cycle,0
SERVICE ROAD OFF JALAN KELULUT,Motor Cycle,5
SING AVENUE,Motor Cycle,0
SING JOO WALK,Motor Cycle,0
SOMME ROAD,Motor Cycle,0
ST WILFRID SPORTS COMPLEX (SSC),Motor Cycle,5
STARLIGHT ROAD / TERRACE,Motor Cycle,0
STURDEE ROAD,Motor Cycle,0
SYED ALWI ROAD (JALAN BESAR / SERANGOON RD),Motor Cycle,17
SYED ALWI ROAD(JALAN BESAR/ROCHOR CANAL RD),Motor Cycle,0
TESSENSOHN ROAD,Motor Cycle,0
UPPER DICKSON ROAD,Motor Cycle,0
UPPER WELD ROAD,Motor Cycle,0
VEERASAMY ROAD,Motor Cycle,0
VERDUN ROAD,Motor Cycle,0
VERDUN ROAD OFF STREET,Motor Cycle,2
BACKLANE BET BOON TAT STREET/MCCALLUM STREET,Motor Cycle,60
BACKLANE BET CECIL STREET/MARKET STREET,Motor Cycle,20
MARINA VIEW OFF STREET,Motor Cycle,10
PALMER ROAD,Motor Cycle,22
PALMER ROAD OFF STREET,Motor Cycle,5
PRINCE EDWARD ROAD / SHENTON WAY OFF STREET,Motor Cycle,14
JURONG OUTDOOR FUTSAL CENTRE (SSC),Motor Cycle,15
JURONG STADIUM (SSC),Motor Cycle,34
CHANGI SOUTH LANE,Motor Cycle,0
TAMPINES AVENUE 9/ AVENUE 10 HV PARK,Motor Cycle,0
ANGULLIA PARK OFF STREET,Motor Cycle,83
CLAYMORE HILL,Motor Cycle,25
CLAYMORE ROAD,Motor Cycle,42
BACKLANE BET CRAIG ROAD/DUXTON ROAD,Motor Cycle,22
BACKLANE BET PECK SEAH STREET/TRAS STREET,Motor Cycle,18
BACKLANE BET TRAS STREET/COOK STREET,Motor Cycle,18
BACKLANE OFF COOK STREET,Motor Cycle,9
BERNAM STREET,Motor Cycle,0
COOK STREET,Motor Cycle,0
DUXTON HILL,Motor Cycle,8
DUXTON ROAD,Motor Cycle,0
ENGGOR STREET,Motor Cycle,4
PECK SEAH STREET,Motor Cycle,11
PECK SEAH STREET OFF STREET,Motor Cycle,30
TANJONG PAGAR ROAD,Motor Cycle,0
TRAS STREET,Motor Cycle,11
WALLICH STREET,Motor Cycle,0
YAN KIT ROAD,Motor Cycle,0
YAN KIT ROAD / CANTONMENT ROAD OFF ST,Motor Cycle,8
AMOY STREET,Motor Cycle,10
AMOY STREET OFF STREET,Motor Cycle,0
BACKLANE BET BOON TAT STREET/AMOY STREET,Motor Cycle,16
BACKLANE OFF AMOY STREET,Motor Cycle,8
BACKLANE OFF BOON TAT STREET,Motor Cycle,13
BACKLANE OFF MCCALLUM STREET,Motor Cycle,3
BOON TAT STREET,Motor Cycle,4
MCCALLUM STREET,Motor Cycle,0
STANLEY STREET,Motor Cycle,10
TELOK AYER STREET,Motor Cycle,46
JALAN GELENGGANG,Motor Cycle,0
JALAN KURAS,Motor Cycle,0
SIN MING DRIVE,Motor Cycle,0
SIN MING DRIVE OFF STREET,Motor Cycle,20
SIN MING ROAD HEAVY VEHICLE PARK,Motor Cycle,0
WHITLEY ROAD / THOMSON ROAD HEAVY VEH PARK,Motor Cycle,0
TOA PAYOH EAST,Motor Cycle,0
TOA PAYOH WEST,Motor Cycle,6
23 TO 27 TUAS AVENUE 13 (JTC),Motor Cycle,31
TUAS AVENUE 1,Motor Cycle,0
TUAS AVENUE 11,Motor Cycle,0
TUAS AVENUE 12,Motor Cycle,0
TUAS AVENUE 13,Motor Cycle,0
TUAS AVENUE 18A,Motor Cycle,0
TUAS AVENUE 3,Motor Cycle,0
TUAS AVENUE 5,Motor Cycle,0
TUAS AVENUE 7,Motor Cycle,0
TUAS AVENUE 9,Motor Cycle,0
TUAS BASIN CLOSE,Motor Cycle,0
TUAS DRIVE 1,Motor Cycle,0
TUAS DRIVE 2,Motor Cycle,0
TUAS LANE,Motor Cycle,0
TUAS LINK 2,Motor Cycle,0
TUAS LINK 4,Motor Cycle,0
TUAS ROAD,Motor Cycle,0
TUAS ROAD (JTC),Motor Cycle,10
TUAS SOUTH AVENUE 1,Motor Cycle,0
TUAS SOUTH STREET 2,Motor Cycle,0
TUAS SOUTH STREET 5 (JTC),Motor Cycle,10
TUAS WEST AVENUE,Motor Cycle,0
KAKI BUKIT AVENUE 4,Motor Cycle,0
KAKI BUKIT PLACE,Motor Cycle,0
KAKI BUKIT ROAD 1,Motor Cycle,0
KAKI BUKIT ROAD 2,Motor Cycle,0
KAMPONG UBI INDUSTRIAL ESTATE (JTC),Motor Cycle,13
KIM CHUAN ROAD,Motor Cycle,0
NEW INDUSTRIAL ROAD,Motor Cycle,0
TAI SENG AVENUE,Motor Cycle,10
TAI SENG DRIVE,Motor Cycle,3
TAI SENG STREET,Motor Cycle,10
UBI AVENUE 1,Motor Cycle,0
UBI AVENUE 3,Motor Cycle,0
UBI AVENUE 4,Motor Cycle,25
UBI CRESCENT,Motor Cycle,0
UBI LINK,Motor Cycle,0
UBI ROAD 1,Motor Cycle,0
UBI ROAD 2,Motor Cycle,16
UBI ROAD 3,Motor Cycle,0
UBI ROAD 4,Motor Cycle,0
UBI VIEW,Motor Cycle,0
CHEONG CHIN NAM ROAD,Motor Cycle,17
JALAN SEH CHUAN OFF STREET,Motor Cycle,27
JALAN SEH CHUAN/LORONG KILAT OFF STREET,Motor Cycle,0
LORONG KILAT,Motor Cycle,0
SERVICE ROAD OFF UPPER BUKIT TIMAH ROAD,Motor Cycle,13
UPPER BUKIT TIMAH ROAD,Motor Cycle,0
ANCHORVALE CRESCENT HEAVY VEHICLE PARK,Motor Cycle,0
ANCHORVALE ROAD,Motor Cycle,0
ANCHORVALE STREET,Motor Cycle,0
BACKLANE OFF FARLEIGH AVENUE,Motor Cycle,18
BACKLANE OFF SERANGOON GARDEN WAY,Motor Cycle,8
BRIGHTON CRESCENT,Motor Cycle,10
BURGHLEY DRIVE SPORTS COMPLEX (SSC),Motor Cycle,4
FARLEIGH AVENUE,Motor Cycle,0
FARLEIGH AVENUE OFF STREET,Motor Cycle,0
KENSINGTON PARK ROAD OFF STREET,Motor Cycle,25
KENSINGTON PARK ROAD SERVICE ROAD,Motor Cycle,5
KOVAN ROAD,Motor Cycle,0
LIM TUA TOW ROAD,Motor Cycle,0
LIM TUA TOW ROAD OFF STREET,Motor Cycle,0
MAJU AVENUE,Motor Cycle,0
MAJU AVENUE SERVICE ROAD,Motor Cycle,0
PENSHURST PLACE,Motor Cycle,0
SANDOWN PLACE,Motor Cycle,0
SERANGOON GARDEN MARKET OFF STREET,Motor Cycle,32
SERANGOON GARDEN WAY,Motor Cycle,0
SERANGOON GARDEN WAY SERVICE ROAD,Motor Cycle,0
SERANGOON SPORTS COMPLEX (SSC),Motor Cycle,20
SIMON ROAD SERVICE ROAD,Motor Cycle,18
SOMMERVILLE WALK,Motor Cycle,0
SUNSHINE TERRACE,Motor Cycle,0
TAMPINES ROAD HEAVY VEHICLE PARK,Motor Cycle,0
TAMPINES ROAD/HOUGANG AVE 7 HEAVY VEH PARK,Motor Cycle,0
TECK CHYE TERRACE,Motor Cycle,0
UPPER SERANGOON ROAD,Motor Cycle,6
UPPER SERANGOON ROAD (BARTLEY RD JUNCTION),Motor Cycle,0
CASUARINA ROAD,Motor Cycle,0
JALAN KURAS OFF STREET,Motor Cycle,4
JALAN LEBAN SERVICE ROAD,Motor Cycle,0
OLD UPPER THOMSON ROAD,Motor Cycle,0
OLD UPPER THOMSON ROAD OFF STREET,Motor Cycle,0
SEMBAWANG HILLS FOOD CENTRE OFF STREET,Motor Cycle,0
SERVICE ROAD OFF SIN MING ROAD,Motor Cycle,0
TAGORE DRIVE,Motor Cycle,0
TAGORE INDUSTRIAL AVENUE,Motor Cycle,0
TAGORE LANE,Motor Cycle,6
TAGORE ROAD,Motor Cycle,0
UPPER THOMSON ROAD,Motor Cycle,0
UPPER THOMSON ROAD (LAKEVIEW ESTATE),Motor Cycle,0
UPPER THOMSON ROAD OFF STREET,Motor Cycle,0
15 WOODLANDS LOOP / 22 WOODLANDS LINK (JTC),Motor Cycle,283
MARSILING CRESCENT,Motor Cycle,0
MARSILING CRESCENT HEAVY VEHICLE PARK,Motor Cycle,0
RIVERSIDE ROAD,Motor Cycle,0
WOODLANDS AVE 9 (WOODLANDS AVE 8/LINK),Motor Cycle,0
WOODLANDS INDUSTRIAL PARK E 1,Motor Cycle,0
WOODLANDS INDUSTRIAL PARK E 3,Motor Cycle,0
WOODLANDS INDUSTRIAL PARK E 5,Motor Cycle,0
WOODLANDS INDUSTRIAL PARK E 6,Motor Cycle,0
WOODLANDS INDUSTRIAL PARK E 8,Motor Cycle,0
WOODLANDS INDUSTRIAL PARK E 9,Motor Cycle,0
WOODLANDS LINK,Motor Cycle,0
WOODLANDS LOOP,Motor Cycle,0
WOODLANDS SECTOR 1,Motor Cycle,0
WOODLANDS TERRACE,Motor Cycle,0
WOODLANDS WALK,Motor Cycle,0
SERVICE ROAD OFF JALAN SELASEH,Motor Cycle,5
GOODLINK PARK / JALAN MATA AYER OFF STREET,Motor Cycle,7
YISHUN AVENUE 1,Motor Cycle,0
"YISHUN AVENUE 1 (FROM BLK 433,LOTS SL1-SL88)",Motor Cycle,0
YISHUN AVENUE 7,Motor Cycle,0
YISHUN AVENUE 7 HEAVY VEHICLE PARK,Motor Cycle,0
YISHUN INDUSTRIAL PARK A,Motor Cycle,14
YISHUN SPORTS COMPLEX (SSC),Motor Cycle,40
YISHUN SWIMMING COMPLEX (SSC),Motor Cycle,6
ANG MO KIO AVENUE 1 HEAVY VEHICLE PARK,Heavy Vehicle,65
ANG MO KIO STREET 62,Heavy Vehicle,0
ANG MO KIO STREET 63,Heavy Vehicle,0
ANG MO KIO STREET 64,Heavy Vehicle,0
JALAN KAYU OFF STREET,Heavy Vehicle,0
SELETAR AEROSPACE VIEW,Heavy Vehicle,0
AYER RAJAH CRESCENT,Heavy Vehicle,0
BALESTIER ROAD,Heavy Vehicle,0
BHAMO ROAD,Heavy Vehicle,0
BOON TECK ROAD,Heavy Vehicle,0
JALAN AMPAS,Heavy Vehicle,0
JALAN DUSUN,Heavy Vehicle,0
JALAN KEMAMAN,Heavy Vehicle,0
JALAN RAJA UDANG,Heavy Vehicle,0
JALAN RAMA RAMA,Heavy Vehicle,0
KIM KEAT CLOSE,Heavy Vehicle,0
LORONG AMPAS,Heavy Vehicle,0
MANDALAY ROAD,Heavy Vehicle,0
MARTABAN ROAD,Heavy Vehicle,0
MINBU ROAD,Heavy Vehicle,0
MINBU ROAD OFF STREET,Heavy Vehicle,0
PROME ROAD,Heavy Vehicle,0
SERVICE ROAD OFF BALESTIER ROAD,Heavy Vehicle,0
SHAN ROAD,Heavy Vehicle,0
SHREWSBURY ROAD,Heavy Vehicle,0
SHREWSBURY ROAD OFF STREET,Heavy Vehicle,0
TAN TOCK SENG LINK,Heavy Vehicle,0
BEDOK ROAD FOOD CENTRE OFF STREET,Heavy Vehicle,0
BEDOK SOUTH ROAD,Heavy Vehicle,9
BEDOK SPORTS COMPLEX (SSC),Heavy Vehicle,0
JALAN LANA,Heavy Vehicle,0
SERVICE ROAD OFF CHAI CHEE DRIVE,Heavy Vehicle,0
BENOI ROAD,Heavy Vehicle,0
BENOI SECTOR,Heavy Vehicle,0
BISHAN SPORTS COMPLEX (SSC),Heavy Vehicle,0
BRADDELL ROAD HEAVY VEHICLE PARK,Heavy Vehicle,82
JALAN BINCHANG,Heavy Vehicle,0
JALAN PEMIMPIN,Heavy Vehicle,0
SIN MING WALK,Heavy Vehicle,0
BACKLANE BET LORONG TELOK/CIRCULAR ROAD,Heavy Vehicle,0
BACKLANE BET NORTH CANAL ROAD/CIRCULAR RD,Heavy Vehicle,0
BACKLANE BET SYNAGOGUE STREET/CHURCH STREET,Heavy Vehicle,0
BACKLANE OFF SYNAGOGUE STREET,Heavy Vehicle,0
CIRCULAR ROAD,Heavy Vehicle,0
LORONG TELOK,Heavy Vehicle,0
PHILLIP STREET,Heavy Vehicle,0
BUKIT BATOK EAST AVENUE 2 HV PARK,Heavy Vehicle,212
BUKIT BATOK NATURE PARK OFF STREET,Heavy Vehicle,0
BUKIT BATOK ROAD / JURONG ROAD OFF STREET,Heavy Vehicle,531
BUKIT BATOK SWIMMING COMPLEX (SSC),Heavy Vehicle,0
HILLVIEW TERRACE,Heavy Vehicle,0
GUL STREET 5,Heavy Vehicle,0
DELTA SPORTS COMPLEX (SSC),Heavy Vehicle,0
MARITIME SQUARE D OFF STREET,Heavy Vehicle,0
PRINCE PHILIP AVENUE,Heavy Vehicle,0
SEAH IM ROAD OFF STREET,Heavy Vehicle,21
TELOK BLANGAH DRIVE HEAVY VEHICLE PARK,Heavy Vehicle,55
TELOK BLANGAH HEIGHTS,Heavy Vehicle,6
TELOK BLANGAH STREET 31,Heavy Vehicle,9
TIONG BAHRU PARK OFF STREET,Heavy Vehicle,0
ADAM ROAD / DUNEARN CLOSE OFF STREET,Heavy Vehicle,0
ADAM ROAD FOOD CENTRE OFF STREET,Heavy Vehicle,0
ANAMALAI AVENUE,Heavy Vehicle,0
ANTHONY ROAD OFF STREET,Heavy Vehicle,0
BUKIT TIMAH LINK OFF STREET,Heavy Vehicle,0
BUKIT TIMAH MARKET OFF STREET,Heavy Vehicle,0
BUKIT TIMAH ROAD,Heavy Vehicle,0
CAIRNHILL ROAD SERVICE ROAD,Heavy Vehicle,0
CLEMENCEAU AVENUE,Heavy Vehicle,0
CLEMENCEAU AVENUE NORTH (NEWTON FC),Heavy Vehicle,8
CORONATION WALK,Heavy Vehicle,0
DAIRY FARM ROAD / PETIR ROAD HV PARK,Heavy Vehicle,225
DUNEARN CLOSE,Heavy Vehicle,0
KAMPONG JAVA FRINGE CAR PARK,Heavy Vehicle,0
KAMPONG JAVA ROAD,Heavy Vehicle,0
MAKEWAY AVENUE,Heavy Vehicle,0
PRINCE OF WALES ROAD,Heavy Vehicle,0
PRINCESS OF WALES ROAD,Heavy Vehicle,0
SIXTH AVENUE,Heavy Vehicle,0
STEVENS ROAD,Heavy Vehicle,0
3 CHANGI SOUTH AVENUE 4 (JTC),Heavy Vehicle,0
"BLK 20,22,24,26,28,30 CHANGI NORTH WAY (JTC)",Heavy Vehicle,7
"BLK 49,51,55,61,65 CHANGI NORTH CRES(JTC)",Heavy Vehicle,10
CHANGI BEACH PARK CP 1,Heavy Vehicle,2
CHANGI BEACH PARK CP 2,Heavy Vehicle,0
CHANGI BEACH PARK CP 3,Heavy Vehicle,0
CHANGI BEACH PARK CP 4,Heavy Vehicle,2
CHANGI BEACH PARK CP 5,Heavy Vehicle,0
CHANGI BEACH PARK CP 6,Heavy Vehicle,0
CHANGI NORTH CRESCENT,Heavy Vehicle,0
CHANGI NORTH RISE,Heavy Vehicle,0
CHANGI NORTH STREET 1,Heavy Vehicle,0
CHANGI NORTH STREET 2,Heavy Vehicle,0
CHANGI ROAD (BET JALAN KEMBANGAN/STILL ROAD),Heavy Vehicle,0
CHANGI ROAD (BET JOO CHIAT ROAD/STILL ROAD),Heavy Vehicle,0
CHANGI ROAD / JALAN WAKAFF OFF STREET,Heavy Vehicle,0
CHANGI ROAD OFF STREET,Heavy Vehicle,0
CHANGI ROAD SERVICE ROAD,Heavy Vehicle,0
CHANGI SOUTH AVENUE 2,Heavy Vehicle,0
CHANGI SOUTH AVENUE 4,Heavy Vehicle,0
CHANGI SOUTH STREET 1,Heavy Vehicle,0
CHANGI SOUTH STREET 2,Heavy Vehicle,0
CHANGI VILLAGE ROAD,Heavy Vehicle,2
EVERITT ROAD NORTH,Heavy Vehicle,0
JALAN LAPANG,Heavy Vehicle,0
JALAN MASJID,Heavy Vehicle,0
JALAN UBI,Heavy Vehicle,0
KAMPONG EUNOS,Heavy Vehicle,0
LANGSAT ROAD,Heavy Vehicle,0
LORONG 102 CHANGI,Heavy Vehicle,0
LORONG 104 CHANGI,Heavy Vehicle,0
LORONG 105 CHANGI,Heavy Vehicle,0
LORONG 106 CHANGI,Heavy Vehicle,0
LORONG 107 CHANGI,Heavy Vehicle,0
LORONG 108 CHANGI,Heavy Vehicle,0
LORONG BEKUKONG OFF STREET,Heavy Vehicle,0
LORONG MARICAN,Heavy Vehicle,0
LORONG MARZUKI,Heavy Vehicle,0
LORONG MELAYU,Heavy Vehicle,0
LORONG MYDIN,Heavy Vehicle,0
LORONG MYDIN OFF STREET,Heavy Vehicle,0
LORONG SARINA,Heavy Vehicle,0
NETHERAVON ROAD,Heavy Vehicle,0
SERVICE ROAD OFF JALAN MASJID,Heavy Vehicle,0
SIMS AVENUE (PAYA LEBAR RD/EUNOS RD),Heavy Vehicle,0
UPPER CHANGI ROAD / BEDOK ROAD OFF STREET,Heavy Vehicle,0
45 QUALITY ROAD (JTC),Heavy Vehicle,0
CHIA PING ROAD,Heavy Vehicle,0
CHIN BEE DRIVE,Heavy Vehicle,0
CHIN BEE ROAD,Heavy Vehicle,0
FOURTH CHIN BEE ROAD,Heavy Vehicle,19
JALAN BESUT,Heavy Vehicle,0
JALAN TUKANG,Heavy Vehicle,0
JOO YEE ROAD,Heavy Vehicle,0
LINK ROAD,Heavy Vehicle,0
QUALITY ROAD,Heavy Vehicle,0
SECOND CHIN BEE ROAD,Heavy Vehicle,0
SERVICE ROAD OFF QUALITY ROAD,Heavy Vehicle,0
THIRD CHIN BEE ROAD,Heavy Vehicle,0
CHOA CHU KANG WAY,Heavy Vehicle,58
SERVICE ROAD OFF CHOA CHU KANG AVE 1,Heavy Vehicle,0
STAGMONT RING HEAVY VEHICLE PARK,Heavy Vehicle,180
WOODLANDS ROAD LORRY PARK,Heavy Vehicle,265
BACKLANE BET ONAN ROAD / JOO CHIAT ROAD,Heavy Vehicle,0
CEYLON LANE,Heavy Vehicle,0
CEYLON ROAD,Heavy Vehicle,0
CRANE ROAD,Heavy Vehicle,0
DUNMAN ROAD FOOD CENTRE OFF STREET,Heavy Vehicle,0
EAN KIAM PLACE,Heavy Vehicle,0
EAST COAST PARK E1 OFF STREET,Heavy Vehicle,0
EAST COAST PARK E2 OFF STREET,Heavy Vehicle,0
EAST COAST PARK E3 OFF STREET,Heavy Vehicle,0
EAST COAST PARK SERVICE ROAD,Heavy Vehicle,5
EAST COAST ROAD (BET FRANKEL AVE/SIGLAP RD),Heavy Vehicle,0
EAST COAST ROAD (BET SIGLAP RD/JALAN JAMAL),Heavy Vehicle,0
PENSHURST PLACE,Heavy Vehicle,0
EAST COAST ROAD (HAIG ROAD/TELOK KURAU ROAD),Heavy Vehicle,0
EVERITT ROAD,Heavy Vehicle,0
FORT ROAD/EAST COAST PARK HV PARK,Heavy Vehicle,85
JAGO CLOSE,Heavy Vehicle,0
JOO CHIAT LANE,Heavy Vehicle,0
JOO CHIAT PLACE,Heavy Vehicle,0
JOO CHIAT ROAD (CHANGI ROAD/EAST COAST ROAD),Heavy Vehicle,0
JOO CHIAT ROAD OFF STREET,Heavy Vehicle,0
JOO CHIAT TERRACE (JOO CHIAT RD/TEMBELING RD),Heavy Vehicle,0
LORONG 101 CHANGI,Heavy Vehicle,0
MARSHALL ROAD,Heavy Vehicle,0
ONAN ROAD,Heavy Vehicle,0
ONAN ROAD / JOO CHIAT ROAD OFF STREET,Heavy Vehicle,0
ONAN ROAD OFF STREET,Heavy Vehicle,0
PENNEFATHER ROAD,Heavy Vehicle,0
SERVICE ROAD OFF JOO CHIAT ROAD,Heavy Vehicle,0
SERVICE ROAD OFF ONAN ROAD,Heavy Vehicle,0
SERVICE ROAD OFF UPPER EAST COAST ROAD,Heavy Vehicle,0
SIGLAP LINK,Heavy Vehicle,15
TANJONG KATONG RD OFF ST (OPP WILKINSON RD),Heavy Vehicle,0
TANJONG KATONG ROAD OFF STREET,Heavy Vehicle,0
TELOK KURAU ROAD,Heavy Vehicle,0
TEMBELING ROAD,Heavy Vehicle,0
TEMBELING ROAD OFF STREET,Heavy Vehicle,0
UPPER EAST COAST ROAD OFF STREET,Heavy Vehicle,0
ALJUNIED ROAD OFF STREET,Heavy Vehicle,0
AROOZOO AVENUE,Heavy Vehicle,0
CEYLON ROAD OFF STREET,Heavy Vehicle,0
GEYLANG EAST SERVICE ROAD,Heavy Vehicle,0
GEYLANG EAST SWIMMING COMPLEX (SSC),Heavy Vehicle,0
GEYLANG ROAD,Heavy Vehicle,0
GUILLEMARD ROAD,Heavy Vehicle,0
JALAN AYER,Heavy Vehicle,0
KAMPONG BUGIS,Heavy Vehicle,3
KAMPONG BUGIS OFF STREET,Heavy Vehicle,0
LORONG 1 GEYLANG ROAD OFF STREET,Heavy Vehicle,0
LORONG 11 GEYLANG,Heavy Vehicle,0
LORONG 12 GEYLANG,Heavy Vehicle,0
LORONG 13 GEYLANG,Heavy Vehicle,0
LORONG 14 GEYLANG,Heavy Vehicle,0
LORONG 15 GEYLANG,Heavy Vehicle,0
LORONG 16 GEYLANG,Heavy Vehicle,0
LORONG 17 GEYLANG,Heavy Vehicle,0
LORONG 18 GEYLANG,Heavy Vehicle,0
LORONG 19 GEYLANG,Heavy Vehicle,0
LORONG 20 GEYLANG,Heavy Vehicle,0
LORONG 21 GEYLANG,Heavy Vehicle,0
LORONG 21 GEYLANG / GEYLANG ROAD OFF ST,Heavy Vehicle,0
LORONG 21 GEYLANG OFF STREET,Heavy Vehicle,0
LORONG 21A GEYLANG,Heavy Vehicle,0
LORONG 23 GEYLANG,Heavy Vehicle,0
LORONG 24 GEYLANG,Heavy Vehicle,0
LORONG 24A GEYLANG,Heavy Vehicle,0
LORONG 25 GEYLANG,Heavy Vehicle,0
LORONG 25/25A GEYLANG OFF STREET,Heavy Vehicle,0
LORONG 25A GEYLANG,Heavy Vehicle,0
LORONG 26 GEYLANG,Heavy Vehicle,0
LORONG 27 GEYLANG,Heavy Vehicle,0
LORONG 27A GEYLANG,Heavy Vehicle,0
LORONG 28 GEYLANG,Heavy Vehicle,0
LORONG 28 SERVICE ROAD GEYLANG,Heavy Vehicle,0
LORONG 29 GEYLANG,Heavy Vehicle,0
LORONG 3 GEYLANG,Heavy Vehicle,0
LORONG 30 GEYLANG,Heavy Vehicle,0
LORONG 31 GEYLANG,Heavy Vehicle,0
LORONG 31 GEYLANG OFF STREET,Heavy Vehicle,0
LORONG 32 GEYLANG,Heavy Vehicle,0
LORONG 33 GEYLANG,Heavy Vehicle,0
LORONG 34 GEYLANG,Heavy Vehicle,0
LORONG 35 GEYLANG,Heavy Vehicle,0
LORONG 36 GEYLANG,Heavy Vehicle,0
LORONG 36 GEYLANG OFF STREET,Heavy Vehicle,0
LORONG 37 GEYLANG,Heavy Vehicle,0
LORONG 37 GEYLANG OFF STREET,Heavy Vehicle,0
LORONG 38 GEYLANG,Heavy Vehicle,0
LORONG 39 GEYLANG,Heavy Vehicle,0
LORONG 39 SERVICE ROAD GEYLANG,Heavy Vehicle,0
LORONG 4 GEYLANG,Heavy Vehicle,0
LORONG 40 GEYLANG,Heavy Vehicle,0
LORONG 41 GEYLANG,Heavy Vehicle,0
LORONG 6 GEYLANG,Heavy Vehicle,0
LORONG 7 GEYLANG,Heavy Vehicle,0
LORONG 8 GEYLANG,Heavy Vehicle,0
LORONG 9 GEYLANG,Heavy Vehicle,0
LORONG 9/11 GEYLANG OFF STREET,Heavy Vehicle,0
LORONG BACHOK,Heavy Vehicle,0
LORONG BACHOK OFF STREET,Heavy Vehicle,0
LORONG TAHAR,Heavy Vehicle,0
SERVICE ROAD OFF LORONG 44 GEYLANG,Heavy Vehicle,0
SIMS AVENUE (BET LOR 3 GEYLANG/PAYA LEBAR RD),Heavy Vehicle,0
SIMS AVENUE SERVICE ROAD,Heavy Vehicle,0
SIMS PLACE,Heavy Vehicle,0
TALMA ROAD,Heavy Vehicle,0
TANJONG KATONG COMPLEX,Heavy Vehicle,11
WESTERHOUT ROAD,Heavy Vehicle,0
GUL AVENUE,Heavy Vehicle,0
GUL CIRCLE,Heavy Vehicle,0
GUL CRESCENT,Heavy Vehicle,0
GUL DRIVE,Heavy Vehicle,0
GUL LANE,Heavy Vehicle,0
GUL ROAD,Heavy Vehicle,0
GUL STREET 1,Heavy Vehicle,0
GUL STREET 2,Heavy Vehicle,0
GUL STREET 3,Heavy Vehicle,0
GUL STREET 4,Heavy Vehicle,0
DELTA CIRCUS FRINGE CAR PARK,Heavy Vehicle,157
HAVELOCK ROAD,Heavy Vehicle,0
OUTRAM HILL,Heavy Vehicle,0
OUTRAM ROAD,Heavy Vehicle,0
OUTRAM ROAD OFF STREET,Heavy Vehicle,0
PEARL BANK OFF STREET,Heavy Vehicle,0
ARMENIAN ST / CANNING RISE OFF ST CAR PARK,Heavy Vehicle,0
ARMENIAN STREET,Heavy Vehicle,0
ARMENIAN STREET OFF STREET,Heavy Vehicle,0
CANNING RISE OFF STREET,Heavy Vehicle,0
FORT CANNING PARK A OFF STREET,Heavy Vehicle,0
FORT CANNING PARK B OFF STREET,Heavy Vehicle,0
FORT CANNING PARK C OFF STREET,Heavy Vehicle,5
HOLLAND DR/NORTH BOUNA VISTA RD OFF STREET,Heavy Vehicle,0
HOLLAND DRIVE OFF STREET,Heavy Vehicle,0
JALAN HITAM MANIS,Heavy Vehicle,0
JALAN KELABU ASAP,Heavy Vehicle,0
JALAN KUNING,Heavy Vehicle,0
JALAN MERAH SAGA,Heavy Vehicle,0
JALAN PUTEH JERNEH,Heavy Vehicle,0
JALAN RUMIA,Heavy Vehicle,0
WARNA ROAD,Heavy Vehicle,0
WARNA ROAD OFF STREET,Heavy Vehicle,0
ALIWAL STREET,Heavy Vehicle,0
ALLENBY ROAD,Heavy Vehicle,0
BABOO LANE,Heavy Vehicle,0
BACKLANE BET KELANTAN LANE/KELANTAN ROAD,Heavy Vehicle,0
BACKLANE BET KITCHENER ROAD/PLUMER ROAD,Heavy Vehicle,0
BACKLANE BET TOWNSHEND ROAD/JALAN BESAR,Heavy Vehicle,0
BACKLANE OFF CAVAN ROAD,Heavy Vehicle,0
BACKLANE OFF JALAN BERSEH,Heavy Vehicle,0
BEATTY LANE,Heavy Vehicle,0
CAVAN ROAD,Heavy Vehicle,0
FOCH ROAD,Heavy Vehicle,0
HAMILTON ROAD,Heavy Vehicle,0
HAMILTON ROAD OFF STREET,Heavy Vehicle,0
HORNE ROAD,Heavy Vehicle,0
JALAN BERSEH,Heavy Vehicle,0
JALAN BESAR,Heavy Vehicle,0
JALAN BESAR SPORTS COMPLEX (SSC),Heavy Vehicle,0
JELLICOE ROAD,Heavy Vehicle,0
KALLANG ROAD/CRAWFORD STREET OFF STREET,Heavy Vehicle,0
KELANTAN LANE,Heavy Vehicle,0
KELANTAN ROAD,Heavy Vehicle,0
KING GEORGE'S AVENUE OFF STREET,Heavy Vehicle,0
KING GEORGE'S AVENUE/ HORNE ROAD OFF STREET,Heavy Vehicle,0
MAUDE ROAD,Heavy Vehicle,0
PENHAS ROAD,Heavy Vehicle,0
PENHAS ROAD / LAVENDER STREET OFF STREET,Heavy Vehicle,0
PETAIN ROAD (JALAN BESAR / TYRWHITT ROAD),Heavy Vehicle,0
PLUMER ROAD,Heavy Vehicle,0
SERVICE ROAD BET HAMILTON RD/CAVAN RD,Heavy Vehicle,0
SERVICE ROAD BETWEEN PETAIN RD/ALLENBY RD,Heavy Vehicle,0
SERVICE ROAD OFF KING GEORGE'S AVENUE,Heavy Vehicle,0
SERVICE ROAD OFF PENHAS ROAD,Heavy Vehicle,0
SUNGEI ROAD OFF STREET,Heavy Vehicle,0
SUNGEI ROAD(WELD ROAD/ KELANTAN ROAD),Heavy Vehicle,0
TOWNSHEND ROAD,Heavy Vehicle,0
TYRWHITT ROAD,Heavy Vehicle,0
JOO KOON CIRCLE,Heavy Vehicle,0
JOO KOON CRESCENT,Heavy Vehicle,0
JOO KOON ROAD,Heavy Vehicle,0
JOO KOON WAY,Heavy Vehicle,0
SCIENCE CENTRE ROAD,Heavy Vehicle,24
TOH GUAN ROAD,Heavy Vehicle,0
BOON LAY SWIMMING COMPLEX (SSC),Heavy Vehicle,0
BULIM AVENUE HVP,Heavy Vehicle,96
JALAN BAHAR HEAVY VEHICLE PARK,Heavy Vehicle,359
32 TO 53 KALLANG PLACE (JTC),Heavy Vehicle,0
ALJUNIED ROAD (MINOR),Heavy Vehicle,0
BENDEMEER ROAD HEAVY VEHICLE PARK,Heavy Vehicle,128
GENTING LANE,Heavy Vehicle,0
GENTING LANE OFF STREET,Heavy Vehicle,0
GENTING LINK,Heavy Vehicle,0
GENTING ROAD,Heavy Vehicle,0
JALAN LEMBAH KALLANG,Heavy Vehicle,0
KALLANG AVENUE,Heavy Vehicle,0
KALLANG BAHRU,Heavy Vehicle,0
KALLANG BASIN SWIMMING COMPLEX (SSC),Heavy Vehicle,0
KALLANG SECTOR,Heavy Vehicle,0
KALLANG WAY,Heavy Vehicle,0
KALLANG WAY 1,Heavy Vehicle,0
KALLANG WAY 2A,Heavy Vehicle,0
KEMPAS ROAD,Heavy Vehicle,0
LORONG BAKAR BATU,Heavy Vehicle,0
LORONG PENDEK,Heavy Vehicle,0
SERVICE ROAD OFF GENTING LANE,Heavy Vehicle,0
SOON WING ROAD,Heavy Vehicle,0
TANNERY LANE,Heavy Vehicle,0
KALLANG SPORTS COMPLEX CAR PARK 4(SSC),Heavy Vehicle,0
KALLANG SPORTS COMPLEX CAR PARK 5(SSC),Heavy Vehicle,0
KATONG SWIMMING POOL (SSC),Heavy Vehicle,0
OLD AIRPORT ROAD,Heavy Vehicle,0
WILKINSON ROAD,Heavy Vehicle,0
BACKLANE OFF BLAIR RD/ SPOTTISWOODE PARK ROAD,Heavy Vehicle,0
BLAIR ROAD,Heavy Vehicle,0
EVERTON ROAD,Heavy Vehicle,0
HOSPITAL DRIVE CAR PARK B OFF STREET,Heavy Vehicle,0
KEPPEL ROAD OFF STREET,Heavy Vehicle,0
SERVICE ROAD OFF EVERTON ROAD,Heavy Vehicle,0
SPOTTISWOODE PARK ROAD,Heavy Vehicle,0
ARAB STREET,Heavy Vehicle,0
BACKLANE BET ARAB STREET/JALAN PINANG,Heavy Vehicle,0
BACKLANE BET BAGHDAD STREET/MUSCAT STREET,Heavy Vehicle,0
SANDOWN PLACE,Heavy Vehicle,0
BACKLANE BET JALAN SULTAN/ALIWAL STREET,Heavy Vehicle,0
BACKLANE OFF BAGHDAD STREET,Heavy Vehicle,0
BACKLANE OFF NORTH BRIDGE ROAD,Heavy Vehicle,0
BAGHDAD STREET,Heavy Vehicle,0
BAGHDAD STREET OFF STREET,Heavy Vehicle,0
BALI LANE,Heavy Vehicle,0
BEACH ROAD,Heavy Vehicle,0
BUSSORAH STREET,Heavy Vehicle,0
JALAN KLAPA,Heavy Vehicle,0
JALAN KLEDEK,Heavy Vehicle,0
JALAN KLEDEK OFF STREET,Heavy Vehicle,0
JALAN KUBOR (NORTH BRIDGE RD/VICTORIA ST),Heavy Vehicle,0
JALAN KUBOR (VICTORIA ST/ROCHOR CANAL RD),Heavy Vehicle,4
JALAN PINANG,Heavy Vehicle,0
JALAN PISANG,Heavy Vehicle,0
JALAN SULTAN,Heavy Vehicle,0
KANDAHAR STREET,Heavy Vehicle,0
NORTH BRIDGE ROAD (ARAB/JALAN SULTAN),Heavy Vehicle,0
NORTH BRIDGE ROAD MARKET OFF STREET,Heavy Vehicle,9
NORTH BRIDGE ROAD OFF STREET,Heavy Vehicle,0
PAHANG STREET,Heavy Vehicle,0
PAHANG STREET OFF STREET,Heavy Vehicle,0
SERVICE ROAD OFF ALIWAL STREET,Heavy Vehicle,0
SULTAN GATE,Heavy Vehicle,0
SULTAN GATE / ALIWAL STREET COACH PARK,Heavy Vehicle,4
SULTAN GATE / ALIWAL STREET OFF STREET,Heavy Vehicle,0
231-287 KRANJI ROAD (JTC),Heavy Vehicle,2
SUNGEI KADUT AVENUE,Heavy Vehicle,0
SUNGEI KADUT CRESCENT,Heavy Vehicle,0
SUNGEI KADUT DRIVE,Heavy Vehicle,0
SUNGEI KADUT LOOP,Heavy Vehicle,0
SUNGEI KADUT STREET 1,Heavy Vehicle,9
SUNGEI KADUT STREET 3,Heavy Vehicle,0
SUNGEI KADUT WAY,Heavy Vehicle,0
ANN SIANG ROAD,Heavy Vehicle,0
BACKLANE BET ANN SIANG ROAD/ERSKINE ROAD,Heavy Vehicle,0
BACKLANE BET CARPENTER /UPPER CIRCULAR ROAD,Heavy Vehicle,0
BACKLANE BET HONGKONG ST/CARPENTER STREET,Heavy Vehicle,0
BACKLANE BET JIAK CHUAN RD/TECK LIM ROAD,Heavy Vehicle,0
BACKLANE BET KEONG SAIK ROAD/NEIL ROAD,Heavy Vehicle,0
BACKLANE BET KEONG SAIK/NEW BRIDGE ROAD,Heavy Vehicle,0
BACKLANE BET TEMPLE STREET/PAGODA STREET,Heavy Vehicle,0
BACKLANE BET TEMPLE STREET/SMITH STREET,Heavy Vehicle,0
BACKLANE BET UPPER CROSS ST/MOSQUE STREET,Heavy Vehicle,0
BACKLANE OFF BUKIT PASOH ROAD,Heavy Vehicle,0
BACKLANE OFF GEMMILL LANE,Heavy Vehicle,0
BACKLANE OFF KEONG SAIK ROAD,Heavy Vehicle,0
BACKLANE OFF MOHD ALI LANE/ANN SIANG HILL,Heavy Vehicle,0
BACKLANE OFF SMITH STREET,Heavy Vehicle,0
BACKLANE OFF TECK LIM ROAD,Heavy Vehicle,0
BANDA STREET,Heavy Vehicle,0
BANDA STREET / SAGO LANE OFF STREET,Heavy Vehicle,5
BUKIT PASOH ROAD,Heavy Vehicle,0
CARPENTER STREET,Heavy Vehicle,0
CARPENTER STREET OFF STREET,Heavy Vehicle,0
CLUB STREET,Heavy Vehicle,0
CLUB STREET OFF STREET,Heavy Vehicle,0
DUXTON HILL OFF STREET,Heavy Vehicle,0
GEMMILL LANE,Heavy Vehicle,0
HONG KONG STREET,Heavy Vehicle,7
HONG LIM PARK OFF STREET,Heavy Vehicle,0
JIAK CHUAN ROAD,Heavy Vehicle,0
KEONG SAIK ROAD,Heavy Vehicle,0
MND COMPLEX (BASEMENT),Heavy Vehicle,0
MND COMPLEX (SURFACE),Heavy Vehicle,0
MOSQUE STREET,Heavy Vehicle,1
NEIL ROAD,Heavy Vehicle,0
NEIL ROAD OFF STREET,Heavy Vehicle,0
NEW MARKET ROAD,Heavy Vehicle,0
NORTH CANAL ROAD,Heavy Vehicle,0
TECK LIM ROAD,Heavy Vehicle,0
TEMPLE STREET,Heavy Vehicle,0
TEO HONG ROAD,Heavy Vehicle,0
TEO HONG ROAD / NEW BRIDGE ROAD OFF STREET,Heavy Vehicle,0
UPPER CIRCULAR ROAD,Heavy Vehicle,0
UPPER HOKKIEN STREET,Heavy Vehicle,0
FIFTH LOK YANG ROAD,Heavy Vehicle,0
FIRST LOK YANG ROAD,Heavy Vehicle,0
FOURTH LOK YANG ROAD,Heavy Vehicle,0
LOK YANG WAY,Heavy Vehicle,0
NEYTHAL ROAD,Heavy Vehicle,0
SECOND LOK YANG ROAD,Heavy Vehicle,0
SIXTH LOK YANG ROAD,Heavy Vehicle,0
THIRD LOK YANG ROAD,Heavy Vehicle,0
LOYANG CRESCENT,Heavy Vehicle,0
BURN ROAD,Heavy Vehicle,0
CIRCUIT ROAD,Heavy Vehicle,0
HAPPY AVENUE NORTH,Heavy Vehicle,0
HARRISON ROAD,Heavy Vehicle,0
HARVEY ROAD,Heavy Vehicle,0
HOWARD ROAD,Heavy Vehicle,0
IRVING PLACE,Heavy Vehicle,0
IRVING ROAD,Heavy Vehicle,0
JALAN ANGGEREK,Heavy Vehicle,0
JALAN MESIN,Heavy Vehicle,0
JOO SENG ROAD,Heavy Vehicle,0
KAMPONG AMPAT,Heavy Vehicle,0
LITTLE ROAD,Heavy Vehicle,0
MACPHERSON ROAD,Heavy Vehicle,0
MACTAGGART ROAD,Heavy Vehicle,0
PHENG GECK AVENUE,Heavy Vehicle,0
PUAY HEE AVENUE,Heavy Vehicle,0
SERVICE ROAD OFF MACPHERSON ROAD,Heavy Vehicle,0
SHAW ROAD,Heavy Vehicle,0
SIAK KEW AVENUE,Heavy Vehicle,0
SIANG KUANG AVENUE,Heavy Vehicle,0
TAI THONG CRESCENT,Heavy Vehicle,0
UPPER ALJUNIED LINK OFF-ST,Heavy Vehicle,0
UPPER PAYA LEBAR ROAD SERVICE ROAD,Heavy Vehicle,0
BAYFRONT AVENUE OFF STREET,Heavy Vehicle,10
DEVONSHIRE ROAD,Heavy Vehicle,0
DUBLIN ROAD,Heavy Vehicle,0
EMERALD HILL ROAD,Heavy Vehicle,0
EMERALD LINK,Heavy Vehicle,0
GRANGE ROAD / SOMERSET ROAD OFF STREET,Heavy Vehicle,0
HULLET ROAD,Heavy Vehicle,0
HULLET ROAD OFF STREET,Heavy Vehicle,0
KILLINEY ROAD,Heavy Vehicle,0
LLOYD ROAD,Heavy Vehicle,0
PENANG LANE,Heavy Vehicle,0
PENANG ROAD OFF STREET,Heavy Vehicle,0
SAUNDERS ROAD,Heavy Vehicle,0
PANDAN AVENUE,Heavy Vehicle,0
PANDAN CRESCENT,Heavy Vehicle,0
PANDAN GARDENS,Heavy Vehicle,22
PANDAN LOOP,Heavy Vehicle,0
PANDAN ROAD,Heavy Vehicle,0
TEBAN GARDENS CRESCENT,Heavy Vehicle,0
CLEMENTI STADIUM (SSC),Heavy Vehicle,0
JALAN MAS KUNING,Heavy Vehicle,0
JALAN MAS PUTEH,Heavy Vehicle,0
JALAN PELEPAH OFF STREET,Heavy Vehicle,0
NEO PEE TECK LANE,Heavy Vehicle,0
PASIR PANJANG FOOD CENTRE (TEMP) OFF ST,Heavy Vehicle,0
PASIR PANJANG FOOD CENTRE OFF STREET,Heavy Vehicle,0
PASIR PANJANG ROAD,Heavy Vehicle,0
PASIR PANJANG ROAD / LABRADOR VILLA ROAD,Heavy Vehicle,9
PASIR PANJANG ROAD / SOUTH BUONA VISTA ROAD,Heavy Vehicle,0
PASIR PANJANG ROAD OFF STREET,Heavy Vehicle,0
PASIR PANJANG ROAD/ CLEMENTI ROAD OFF ST,Heavy Vehicle,0
PEPYS ROAD OFF STREET,Heavy Vehicle,0
TAMAN MAS MERAH,Heavy Vehicle,0
WEST COAST PARK 1 OFF STREET,Heavy Vehicle,12
WISHART ROAD,Heavy Vehicle,0
LOYANG DRIVE,Heavy Vehicle,0
LOYANG LANE,Heavy Vehicle,0
LOYANG STREET,Heavy Vehicle,0
LOYANG WAY,Heavy Vehicle,0
LOYANG WAY 1,Heavy Vehicle,0
PASIR RIS CLOSE OFF STREET,Heavy Vehicle,0
PASIR RIS DRIVE 1 HEAVY VEHICLE PARK,Heavy Vehicle,310
PASIR RIS PARK CAR PARK E OFF STREET,Heavy Vehicle,0
TAMPINES INDUSTRIAL AVENUE 3,Heavy Vehicle,10
PENJURU CLOSE,Heavy Vehicle,0
TANJONG PENJURU CRESCENT,Heavy Vehicle,0
JALAN SAMULUN OFF STREET (JTC),Heavy Vehicle,4
PIONEER SECTOR 1,Heavy Vehicle,0
PIONEER SECTOR 2,Heavy Vehicle,3
PIONEER SECTOR 3,Heavy Vehicle,0
PIONEER SECTOR WALK,Heavy Vehicle,0
SERVICE ROAD OFF TEBING LANE,Heavy Vehicle,0
TEBING LANE,Heavy Vehicle,0
CHANG CHARN ROAD,Heavy Vehicle,0
HOY FATT ROAD,Heavy Vehicle,0
JALAN PENJARA,Heavy Vehicle,0
JALAN PENJARA OFF STREET,Heavy Vehicle,0
KUNG CHONG ROAD,Heavy Vehicle,0
LENG KEE ROAD,Heavy Vehicle,0
MARGARET DRIVE OFF STREET,Heavy Vehicle,0
QUEEN'S CRESCENT HEAVY VEHICLE PARK,Heavy Vehicle,70
QUEENSTOWN SPORTS COMPLEX (SSC),Heavy Vehicle,0
QUEENSWAY OFF STREET ( RIDEOUT TEA GARDEN),Heavy Vehicle,0
TANGLIN HALT CLOSE,Heavy Vehicle,0
CLEMENCEAU AVENUE OFF STREET,Heavy Vehicle,0
KELLOCK ROAD,Heavy Vehicle,0
KIM YAM ROAD,Heavy Vehicle,0
MARTIN PLACE/ MUTHURAMAN CHETTY ROAD,Heavy Vehicle,0
MOHAMED SULTAN ROAD,Heavy Vehicle,1
MOHD SULTAN ROAD/RIVER VALLEY ROAD OFF STREET,Heavy Vehicle,0
RIVER VALLEY ROAD(BET TANK RD/ZION RD),Heavy Vehicle,0
SERVICE ROAD OFF ZION ROAD,Heavy Vehicle,0
TAN TYE PLACE,Heavy Vehicle,2
TANK ROAD,Heavy Vehicle,0
UNITY STREET,Heavy Vehicle,1
ZION CLOSE,Heavy Vehicle,0
ZION ROAD,Heavy Vehicle,0
ZION ROAD OFF STREET,Heavy Vehicle,0
BACKLANE BET MIDDLE ROAD/LIANG SEAH STREET,Heavy Vehicle,0
BACKLANE OFF PURVIS STREET,Heavy Vehicle,0
BACKLANE OFF SEAH STREET,Heavy Vehicle,0
CHENG YAN PLACE,Heavy Vehicle,3
LIANG SEAH STREET,Heavy Vehicle,0
LIANG SEAH STREET OFF STREET,Heavy Vehicle,0
MACKENZIE ROAD,Heavy Vehicle,0
MACKENZIE ROAD A OFF STREET,Heavy Vehicle,0
MACKENZIE ROAD B OFF STREET,Heavy Vehicle,76
MACKENZIE ROAD C OFF STREET,Heavy Vehicle,0
MANILA STREET,Heavy Vehicle,0
MAYNE ROAD,Heavy Vehicle,0
MIDDLE ROAD OFF STREET,Heavy Vehicle,0
MOUNT EMILY ROAD,Heavy Vehicle,0
NIVEN ROAD,Heavy Vehicle,0
PRINSEP STREET (MIDDLE/ROCHOR CANAL),Heavy Vehicle,5
PURVIS STREET,Heavy Vehicle,0
QUEEN STREET,Heavy Vehicle,0
QUEEN STREET (ARAB STREET / ROCHOR ROAD),Heavy Vehicle,0
QUEEN STREET / ROCHOR ROAD OFF STREET,Heavy Vehicle,0
QUEEN STREET OFF STREET,Heavy Vehicle,0
SEAH STREET,Heavy Vehicle,0
SERVICE ROAD OFF QUEEN ST(QUEEN/WATERLOO ST),Heavy Vehicle,2
SHORT STREET,Heavy Vehicle,0
SOPHIA ROAD,Heavy Vehicle,0
TAN QUEE LAN STREET,Heavy Vehicle,0
WATERLOO STREET,Heavy Vehicle,0
WILKIE ROAD,Heavy Vehicle,0
JALAN DERUM,Heavy Vehicle,0
JALAN LEGUNDI,Heavy Vehicle,0
JALAN TAMPANG,Heavy Vehicle,0
SEMBAWANG DRIVE HEAVY VEHICLE PARK,Heavy Vehicle,127
SEMBAWANG RD/ADMIRALTY RD EAST OFF STREET,Heavy Vehicle,0
SEMBAWANG ROAD OFF STREET,Heavy Vehicle,0
SEMBONG ROAD,Heavy Vehicle,0
SENOKO AVENUE,Heavy Vehicle,0
SENOKO DRIVE,Heavy Vehicle,0
SENOKO ROAD,Heavy Vehicle,0
SENOKO SOUTH ROAD,Heavy Vehicle,0
SENOKO WAY,Heavy Vehicle,0
SERVICE ROAD OFF SEMBAWANG ROAD,Heavy Vehicle,0
SENGKANG EAST AND WEST WAY,Heavy Vehicle,75
BACKLANE BET CLIVE STREET/MADRAS STREET,Heavy Vehicle,0
BACKLANE BET CUFF ROAD /VEERASAMY ROAD,Heavy Vehicle,0
BACKLANE BET DICKSON ROAD/DUNLOP STREET,Heavy Vehicle,0
BACKLANE BET DICKSON ROAD/UPPER WELD ROAD,Heavy Vehicle,0
BACKLANE BET HINDOO ROAD/ROWELL ROAD,Heavy Vehicle,0
BACKLANE BET KAMPONG KAPOR/UPPER DICKSON RD,Heavy Vehicle,0
BACKLANE BET MAYO STREET/DUNLOP STREET,Heavy Vehicle,0
BACKLANE BET PERAK ROAD/MADRAS STREET,Heavy Vehicle,0
BACKLANE OFF DESKER ROAD,Heavy Vehicle,0
BACKLANE OFF ROWELL ROAD,Heavy Vehicle,0
BACKLANE OFF SAM LEONG ROAD,Heavy Vehicle,0
BACKLANE OFF SAM LEONG ROAD/JALAN BESAR,Heavy Vehicle,0
BACKLANE OFF STURDEE ROAD,Heavy Vehicle,0
BEATTY ROAD,Heavy Vehicle,0
BEATTY ROAD OFF STREET,Heavy Vehicle,0
BELILIOS LANE OFF STREET,Heavy Vehicle,0
BENG WAN ROAD OFF STREET,Heavy Vehicle,0
BIRCH ROAD,Heavy Vehicle,2
BUFFALO ROAD SERVICE ROAD,Heavy Vehicle,0
CAMPBELL LANE,Heavy Vehicle,0
CHANDER ROAD,Heavy Vehicle,0
CLIVE STREET,Heavy Vehicle,2
CUFF ROAD,Heavy Vehicle,0
DALHOUSIE LANE,Heavy Vehicle,0
DESKER ROAD,Heavy Vehicle,0
DICKSON ROAD,Heavy Vehicle,0
DICKSON ROAD OFF STREET,Heavy Vehicle,0
DUNLOP STREET,Heavy Vehicle,0
FARRER PARK SQUASH & TENNIS CENTRE (SSC),Heavy Vehicle,0
FLANDERS SQUARE,Heavy Vehicle,0
HINDOO ROAD,Heavy Vehicle,0
HINDOO ROAD OFF STREET,Heavy Vehicle,0
HINDOO ROAD/KAMPONG KAPOR ROAD OFF STREET,Heavy Vehicle,0
JALAN BESAR / BEATTY ROAD OFF STREET,Heavy Vehicle,0
JALAN SEMERBAK,Heavy Vehicle,0
JOO AVENUE,Heavy Vehicle,0
KAMPONG KAPOR ROAD,Heavy Vehicle,0
KAMPONG KAPOR ROAD OFF STREET,Heavy Vehicle,0
KERBAU ROAD,Heavy Vehicle,0
KINTA ROAD,Heavy Vehicle,0
KINTA ROAD OFF STREET,Heavy Vehicle,0
KITCHENER ROAD,Heavy Vehicle,0
LEMBU ROAD,Heavy Vehicle,0
MAYO STREET,Heavy Vehicle,0
MOONSTONE LANE,Heavy Vehicle,0
NORRIS ROAD,Heavy Vehicle,0
OPAL CRESCENT,Heavy Vehicle,0
OWEN ROAD (SERANGOON/ RACE COURSE ROAD),Heavy Vehicle,0
OWEN ROAD/ DORSET ROAD / CAMBRIDGE ROAD,Heavy Vehicle,0
PERAK ROAD,Heavy Vehicle,0
PERUMAL ROAD,Heavy Vehicle,0
PETAIN ROAD (SERANGOON ROAD / JALAN BESAR),Heavy Vehicle,0
PETAIN ROAD OFF STREET,Heavy Vehicle,0
RACE COURSE LANE,Heavy Vehicle,4
RACE COURSE ROAD,Heavy Vehicle,0
RACE COURSE ROAD (BET BT TIMAH / RANGOON RD),Heavy Vehicle,0
RACE COURSE ROAD / NORTHUMBERLAND ROAD,Heavy Vehicle,3
RANGOON LANE,Heavy Vehicle,0
RANGOON LANE OFF STREET,Heavy Vehicle,0
RANGOON ROAD,Heavy Vehicle,0
ROBERTS LANE,Heavy Vehicle,0
ROWELL ROAD,Heavy Vehicle,0
RUBY LANE,Heavy Vehicle,0
SAM LEONG ROAD,Heavy Vehicle,0
SERANGOON RD(KITCHENER RD/LAVENDER ST),Heavy Vehicle,0
SERVICE ROAD OFF JALAN KELULUT,Heavy Vehicle,0
SING AVENUE,Heavy Vehicle,0
SING JOO WALK,Heavy Vehicle,0
SOMME ROAD,Heavy Vehicle,0
ST WILFRID SPORTS COMPLEX (SSC),Heavy Vehicle,0
STARLIGHT ROAD / TERRACE,Heavy Vehicle,0
STURDEE ROAD,Heavy Vehicle,0
SYED ALWI ROAD (JALAN BESAR / SERANGOON RD),Heavy Vehicle,0
SYED ALWI ROAD(JALAN BESAR/ROCHOR CANAL RD),Heavy Vehicle,0
TESSENSOHN ROAD,Heavy Vehicle,0
UPPER DICKSON ROAD,Heavy Vehicle,0
UPPER WELD ROAD,Heavy Vehicle,0
VEERASAMY ROAD,Heavy Vehicle,0
VERDUN ROAD,Heavy Vehicle,0
VERDUN ROAD OFF STREET,Heavy Vehicle,0
BACKLANE BET BOON TAT STREET/MCCALLUM STREET,Heavy Vehicle,0
BACKLANE BET CECIL STREET/MARKET STREET,Heavy Vehicle,0
MARINA VIEW OFF STREET,Heavy Vehicle,0
PALMER ROAD,Heavy Vehicle,0
PALMER ROAD OFF STREET,Heavy Vehicle,5
PRINCE EDWARD ROAD / SHENTON WAY OFF STREET,Heavy Vehicle,0
JURONG OUTDOOR FUTSAL CENTRE (SSC),Heavy Vehicle,0
JURONG STADIUM (SSC),Heavy Vehicle,137
CHANGI SOUTH LANE,Heavy Vehicle,0
TAMPINES AVENUE 9/ AVENUE 10 HV PARK,Heavy Vehicle,539
ANGULLIA PARK OFF STREET,Heavy Vehicle,0
CLAYMORE HILL,Heavy Vehicle,2
CLAYMORE ROAD,Heavy Vehicle,2
BACKLANE BET CRAIG ROAD/DUXTON ROAD,Heavy Vehicle,0
BACKLANE BET PECK SEAH STREET/TRAS STREET,Heavy Vehicle,0
BACKLANE BET TRAS STREET/COOK STREET,Heavy Vehicle,0
BACKLANE OFF COOK STREET,Heavy Vehicle,0
BERNAM STREET,Heavy Vehicle,0
COOK STREET,Heavy Vehicle,0
DUXTON HILL,Heavy Vehicle,0
DUXTON ROAD,Heavy Vehicle,1
ENGGOR STREET,Heavy Vehicle,0
PECK SEAH STREET,Heavy Vehicle,1
PECK SEAH STREET OFF STREET,Heavy Vehicle,0
TANJONG PAGAR ROAD,Heavy Vehicle,0
TRAS STREET,Heavy Vehicle,0
WALLICH STREET,Heavy Vehicle,0
YAN KIT ROAD,Heavy Vehicle,1
YAN KIT ROAD / CANTONMENT ROAD OFF ST,Heavy Vehicle,0
AMOY STREET,Heavy Vehicle,0
AMOY STREET OFF STREET,Heavy Vehicle,0
BACKLANE BET BOON TAT STREET/AMOY STREET,Heavy Vehicle,0
BACKLANE OFF AMOY STREET,Heavy Vehicle,0
BACKLANE OFF BOON TAT STREET,Heavy Vehicle,0
BACKLANE OFF MCCALLUM STREET,Heavy Vehicle,0
BOON TAT STREET,Heavy Vehicle,0
MCCALLUM STREET,Heavy Vehicle,0
STANLEY STREET,Heavy Vehicle,0
TELOK AYER STREET,Heavy Vehicle,3
JALAN GELENGGANG,Heavy Vehicle,0
JALAN KURAS,Heavy Vehicle,0
SIN MING DRIVE,Heavy Vehicle,0
SIN MING DRIVE OFF STREET,Heavy Vehicle,0
SIN MING ROAD HEAVY VEHICLE PARK,Heavy Vehicle,81
WHITLEY ROAD / THOMSON ROAD HEAVY VEH PARK,Heavy Vehicle,141
TOA PAYOH EAST,Heavy Vehicle,4
TOA PAYOH WEST,Heavy Vehicle,0
23 TO 27 TUAS AVENUE 13 (JTC),Heavy Vehicle,25
TUAS AVENUE 1,Heavy Vehicle,0
TUAS AVENUE 11,Heavy Vehicle,0
TUAS AVENUE 12,Heavy Vehicle,0
TUAS AVENUE 13,Heavy Vehicle,0
TUAS AVENUE 18A,Heavy Vehicle,0
TUAS AVENUE 3,Heavy Vehicle,0
TUAS AVENUE 5,Heavy Vehicle,0
TUAS AVENUE 7,Heavy Vehicle,0
TUAS AVENUE 9,Heavy Vehicle,0
TUAS BASIN CLOSE,Heavy Vehicle,0
TUAS DRIVE 1,Heavy Vehicle,0
TUAS DRIVE 2,Heavy Vehicle,0
TUAS LANE,Heavy Vehicle,0
TUAS LINK 2,Heavy Vehicle,0
TUAS LINK 4,Heavy Vehicle,0
TUAS ROAD,Heavy Vehicle,0
TUAS ROAD (JTC),Heavy Vehicle,11
TUAS SOUTH AVENUE 1,Heavy Vehicle,0
TUAS SOUTH STREET 2,Heavy Vehicle,0
TUAS SOUTH STREET 5 (JTC),Heavy Vehicle,0
TUAS WEST AVENUE,Heavy Vehicle,0
KAKI BUKIT AVENUE 4,Heavy Vehicle,0
KAKI BUKIT PLACE,Heavy Vehicle,0
KAKI BUKIT ROAD 1,Heavy Vehicle,11
KAKI BUKIT ROAD 2,Heavy Vehicle,0
KAMPONG UBI INDUSTRIAL ESTATE (JTC),Heavy Vehicle,0
KIM CHUAN ROAD,Heavy Vehicle,0
NEW INDUSTRIAL ROAD,Heavy Vehicle,0
TAI SENG AVENUE,Heavy Vehicle,14
TAI SENG DRIVE,Heavy Vehicle,0
TAI SENG STREET,Heavy Vehicle,0
UBI AVENUE 1,Heavy Vehicle,0
UBI AVENUE 3,Heavy Vehicle,0
UBI AVENUE 4,Heavy Vehicle,0
UBI CRESCENT,Heavy Vehicle,0
UBI LINK,Heavy Vehicle,0
UBI ROAD 1,Heavy Vehicle,0
UBI ROAD 2,Heavy Vehicle,0
UBI ROAD 3,Heavy Vehicle,0
UBI ROAD 4,Heavy Vehicle,0
UBI VIEW,Heavy Vehicle,0
CHEONG CHIN NAM ROAD,Heavy Vehicle,0
JALAN SEH CHUAN OFF STREET,Heavy Vehicle,0
JALAN SEH CHUAN/LORONG KILAT OFF STREET,Heavy Vehicle,9
LORONG KILAT,Heavy Vehicle,0
SERVICE ROAD OFF UPPER BUKIT TIMAH ROAD,Heavy Vehicle,0
UPPER BUKIT TIMAH ROAD,Heavy Vehicle,0
ANCHORVALE CRESCENT HEAVY VEHICLE PARK,Heavy Vehicle,298
ANCHORVALE ROAD,Heavy Vehicle,0
ANCHORVALE STREET,Heavy Vehicle,0
BACKLANE OFF FARLEIGH AVENUE,Heavy Vehicle,0
BACKLANE OFF SERANGOON GARDEN WAY,Heavy Vehicle,0
BRIGHTON CRESCENT,Heavy Vehicle,0
BURGHLEY DRIVE SPORTS COMPLEX (SSC),Heavy Vehicle,0
FARLEIGH AVENUE,Heavy Vehicle,0
FARLEIGH AVENUE OFF STREET,Heavy Vehicle,0
KENSINGTON PARK ROAD OFF STREET,Heavy Vehicle,0
KENSINGTON PARK ROAD SERVICE ROAD,Heavy Vehicle,0
KOVAN ROAD,Heavy Vehicle,0
LIM TUA TOW ROAD,Heavy Vehicle,0
LIM TUA TOW ROAD OFF STREET,Heavy Vehicle,0
MAJU AVENUE,Heavy Vehicle,0
MAJU AVENUE SERVICE ROAD,Heavy Vehicle,0
SERANGOON GARDEN MARKET OFF STREET,Heavy Vehicle,0
SERANGOON GARDEN WAY,Heavy Vehicle,0
SERANGOON GARDEN WAY SERVICE ROAD,Heavy Vehicle,0
SERANGOON SPORTS COMPLEX (SSC),Heavy Vehicle,4
SIMON ROAD SERVICE ROAD,Heavy Vehicle,0
SOMMERVILLE WALK,Heavy Vehicle,0
SUNSHINE TERRACE,Heavy Vehicle,0
TAMPINES ROAD HEAVY VEHICLE PARK,Heavy Vehicle,169
TAMPINES ROAD/HOUGANG AVE 7 HEAVY VEH PARK,Heavy Vehicle,312
TECK CHYE TERRACE,Heavy Vehicle,0
UPPER SERANGOON ROAD,Heavy Vehicle,0
UPPER SERANGOON ROAD (BARTLEY RD JUNCTION),Heavy Vehicle,0
CASUARINA ROAD,Heavy Vehicle,0
JALAN KURAS OFF STREET,Heavy Vehicle,0
JALAN LEBAN SERVICE ROAD,Heavy Vehicle,0
OLD UPPER THOMSON ROAD,Heavy Vehicle,0
OLD UPPER THOMSON ROAD OFF STREET,Heavy Vehicle,0
SEMBAWANG HILLS FOOD CENTRE OFF STREET,Heavy Vehicle,0
SERVICE ROAD OFF SIN MING ROAD,Heavy Vehicle,0
TAGORE DRIVE,Heavy Vehicle,0
TAGORE INDUSTRIAL AVENUE,Heavy Vehicle,0
TAGORE LANE,Heavy Vehicle,0
TAGORE ROAD,Heavy Vehicle,21
UPPER THOMSON ROAD,Heavy Vehicle,0
UPPER THOMSON ROAD (LAKEVIEW ESTATE),Heavy Vehicle,0
UPPER THOMSON ROAD OFF STREET,Heavy Vehicle,0
15 WOODLANDS LOOP / 22 WOODLANDS LINK (JTC),Heavy Vehicle,769
MARSILING CRESCENT,Heavy Vehicle,29
MARSILING CRESCENT HEAVY VEHICLE PARK,Heavy Vehicle,593
RIVERSIDE ROAD,Heavy Vehicle,75
WOODLANDS AVE 9 (WOODLANDS AVE 8/LINK),Heavy Vehicle,60
WOODLANDS INDUSTRIAL PARK E 1,Heavy Vehicle,0
WOODLANDS INDUSTRIAL PARK E 3,Heavy Vehicle,0
WOODLANDS INDUSTRIAL PARK E 5,Heavy Vehicle,0
WOODLANDS INDUSTRIAL PARK E 6,Heavy Vehicle,0
WOODLANDS INDUSTRIAL PARK E 8,Heavy Vehicle,0
WOODLANDS INDUSTRIAL PARK E 9,Heavy Vehicle,0
WOODLANDS LINK,Heavy Vehicle,15
WOODLANDS LOOP,Heavy Vehicle,0
WOODLANDS SECTOR 1,Heavy Vehicle,0
WOODLANDS TERRACE,Heavy Vehicle,0
WOODLANDS WALK,Heavy Vehicle,0
SERVICE ROAD OFF JALAN SELASEH,Heavy Vehicle,0
GOODLINK PARK / JALAN MATA AYER OFF STREET,Heavy Vehicle,0
YISHUN AVENUE 1,Heavy Vehicle,45
"YISHUN AVENUE 1 (FROM BLK 433,LOTS SL1-SL88)",Heavy Vehicle,42
YISHUN AVENUE 7,Heavy Vehicle,0
YISHUN AVENUE 7 HEAVY VEHICLE PARK,Heavy Vehicle,626
YISHUN INDUSTRIAL PARK A,Heavy Vehicle,47
YISHUN SPORTS COMPLEX (SSC),Heavy Vehicle,8
YISHUN SWIMMING COMPLEX (SSC),Heavy Vehicle,0
